"id","sha1","rank","title","firstname","lastname","nation","wikidata","source"
1,"9cccc847b29090d252ba07a00934a0946c6a9d07",,,"","",52,,1
2,"e85865e44a02aaad785319baed946c407c954bad",7,28," T."," Sebastiani",48,,1
3,"2fb31fe592dc245a49ee7ea5c565222c9d1556ab",12,,"","A. CLEEVES",47,,1
4,"c2f99d25aa42e30053cae57ebe06366c6c183207",9,,"F.N.","ABERSON",52,,1
5,"395416a836858a843c0a3446876965596de7897a",6,,"Frederick","ADAM",47,,1
6,"0f23217a7a5e0bf71fdbceeac04dc9629dc14d1e",5,,"S.G.","ADYE",47,,1
7,"8f7008edc7a2838730ef29b5c25af7bf01f8acb6",9,,"T.","AIRD",49,,1
8,"1235ca9251bb5940e83a4dfae653febbefe15dc3",9,,"C.H.","ANTHING",47,,1
9,"80b8ea572aeb09f4601ec3ccb0cdbeba574fac4c",12,,"","ARENTSCHILDT",47,,1
10,"323d54b73d378bd363970536216c746732d2923c",9,,"D.P.","ARNOULD",52,,1
11,"d545727db3ed714bb028c66312c0335cb28af5e7",9,,"H.","AUSTIN",47,,1
12,"1ef18df7f915cb54d446200fd7e85a0b1ef75dfc",12,,"","Albert",48,,1
13,"1412054a1d8595d3e9cd88febb559a698cf4b803",,,"","Allouis",48,,1
14,"fe72a19ba67dae5b294a5908dbfa472c7f20d989",8,19,"","Ameil",48,,1
15,"9c926b1ca972d20f26beb495e6861f22b26d8d66",12,,"","Arista",48,,1
16,"e7f70a894af35bf35e50b033696260bcec8c8e43",7,,"","Aubrée",48,,1
17,"fec5470616c16088215f58f70bda8ee34038a2e1",8,19,"","Aulard",48,,1
18,"8415eddd2aefc2da0ede62289e6f50840ee595b1",7,,"D.O.","BAGELAER",52,,1
19,"f14e68c08a01e9e59401a36bcfe876394bb60223",10,,"Wm","BAILLYE",47,,1
20,"6e099bbce7a464f25d33028d4a96b149e122bd61",13,,"","BALDAUF",51,,1
21,"42d6741da51a074385efda9d0836b1a4bcd08b7d",9,18,"A.F.","BARNARD",47,,1
22,"3f192095d1f3ee2408962e323f96de5e235b508b",10,19,"G.","BARRING",47,,1
23,"fb84c7f67ef6d3425fb06f0b90547cc77902c7ac",12,,"G.","BEANE",47,,1
24,"80881532761b0d7c5c93ccd974ed89bb2cf39bda",9,,"","BEAULIEU",49,,1
25,"40d582a03467f80993c8cebfa05f33e2a1f77c6a",9,,"","BEIER",51,,1
26,"fb0e655413b5588e56a8e7772663081dddeb5721",9,18,"C.P.","BELSON",47,,1
27,"97f60cf117b6ece63b6773510b64e889b67c9c9a",9,,"","BENNORT",49,,1
28,"604ae2e1099a91ba6634de5bcf93fc12b7b55e7b",12,,"E.","BERGMANN",52,,1
29,"e3ba634725198138ad701bd30fe01ab2d34d7c32",7,,"C.","BEST",49,,1
30,"8e26ae9b2283e5a58c68dd56228f89a90c4530a6",9,,"B.","BISSCHOFF",47,,1
31,"bfb9323d8cb106989faccdb5bcfa37d9245ec0de",12,,"","BLESKY",51,,1
32,"2d731ec590fd77cf3ac7b71dee961d0026748bd3",2,21,"","BLÜCHER von WAHLSTATT",51,,1
33,"0819276554ff6d3ca6ac1bd1772b6529ea9747d4",9,,"","BODECKER",49,,1
34,"d3ce3911651c9a8b988df907800ae1d119a82ff4",10,,"H.G.","BOELLAERT",52,,1
35,"c8f78ffac922aa2b278d48c3552d5532bcbf2949",12,,"S.G.","BOLTON",47,,1
36,"31726aa0a10db22d0007987ffb043c26b85f0f18",12,,"","BORCHARD",51,,1
37,"5551288e72bf816876b671e61f874659cca34c69",9,29,"W.F.","BOREEL",52,,1
38,"2cb6c27a37860f74709421bbe16059accf316e37",10,,"","BORNSTAEDT",51,,1
39,"fe4f102c17ad48cbee5a12bdae8e3e4676cc1eee",9,,"","BOYCE",47,,1
40,"1725c3c27b72655dde8ee3c759a974e1f13bfede",9,,"G.F.","BRADE",52,,1
41,"8084e99deeba52c83df3b6c490e83b876eebdd52",10,,"","BRANDENSTEIN",50,,1
42,"8a1d951b52da90b0c7594914950876aca3512920",12,,"","BRAUN",49,,1
43,"c990fda5a959744ec9540837bf454dfe301c77dd",12,,"J.","BROME",47,,1
44,"033fc5e977578b52284a821c8c498fb5459ab6cb",9,,"F.","BROOKE",47,,1
45,"3319b7851316fe5a27a4ecd30a1a894d844c40e1",9,,"","BRUCKMANN",47,,1
46,"f3e0c9c14bf3d6270469bb08c9a0d8fc10643280",12,,"Robert","BULL",47,,1
47,"2ef888f3804320ee801a4a196a3ab9f140412b8d",12,,"","BULLY",51,,1
48,"df9ffbddeef2d3194f3d0dd0e7dcf358d3d2f9b0",12,,"","BUNNIK",52,,1
49,"9accd9d2de05d6d26c7f662f48b1e9c8856e876f",9,,"","BURTON",47,,1
50,"232e8894950952d50a732c514d3c21a58b633dcb",12,,"","BUSGEN",52,,1
51,"7415855508fcf1afa9649c345c5e49a8b04d870a",6,,"G.M.","BUSMAN",47,,1
52,"c6bf49ba21a13120cfbb31235c195f1d1dd98d3f",6,20,"","BYLANDT",52,,1
53,"974d4374614f92319e12472c0c866065d3b1f981",12,,"A.G.","BYLEVELD",52,,1
54,"d2d3e8a9682861bb22822acd50d83084bff1e362",6,18,"John","BYNG",47,,1
55,"20910caf2d0f340e2937b270914833769f04bede",5,19,"","Bachelu",48,,1
56,"e3182fd7c7057ad1003535bb7b26a655d0f56ce0",7,,"","Baillon",48,,1
57,"5f65177cd4cc9d48796874a7dc379a23cc38fc18",5,20,"","Bailly, comte de Monthion",48,,1
58,"2431b87a2ae0c48866460ad0ec6082c7cc45d5d3",8,19,"","Baltus",48,,1
59,"25de6808843975ef7dfa50b7eae0333d987d447a",7,,"","Baraillon",48,,1
60,"d6aec267a349cfaf447b9eb5db4011bb0f774517",7,,"","Barbarin",48,,1
61,"73598397598382755ca570fc9a96f2a1ca5bd2c0",12,,"","Barbaux",48,,1
62,"584a1d87869dea0b5aebb5d6914914167c8ca9c1",6,18,"Edward","Barnes",47,,1
63,"7f543a2bc7120f4181cc1ba5fa1c38c935d1daf3",5,20,"","Barrois",48,,1
64,"c82b8d8dcecfb6437f56596199e523772f745cfe",8,,"Baudouin","Baudouin",48,,1
65,"1996a99399f609408f529381d5bdf71232425d2a",7,,"","Baume",48,,1
66,"7426a72f0703de57555489374a23c6c5e14eb5ff",7,19,"","Beaudinot",48,,1
67,"67fbae8857eca803833548393bcc98d3682666cf",7,,"","Bernard",48,,1
68,"caba354ce8660a17c0253f0b57f7dfa92fe8d2ea",7,,"","Bernard",48,,1
69,"5400cc34daec7b9ed862f22bb3c3be531104d882",12,,"","Bernard",48,,1
70,"bcf64597671c2fa4e599ab7b3d3563610f8f1ccf",8,,"","Berruyer",48,,1
71,"d069c6536ebed39ddb0c60a171bc14d9a0e2522f",5,19,"","Berthezène",48,,1
72,"cc054d7b1ebc415e8224c7a720f73834218c6f69",8,,"","Berton",48,,1
73,"6233e2aa40ae309b46dc5b01858890964c3a8ea0",5,20,"H.","Bertrand",48,,1
74,"07f280fcee57402b8745af6c58b2dbee2b8a6d95",7,,"","Beugnat",48,,1
75,"cfbeccddcc2fd92052a9fbb4223f75848aed9af2",7,,"","Bigarne",48,,1
76,"db3f540b97d907d8f56eebe9db702d730f35244c",8,,"","Billard",48,,1
77,"6f1d14461e5d0b496d413b5ba5898b3a997e7fe5",8,19,"","Blancard",48,,1
78,"e43bbb5480314e24b5985af6e12f57c55efc0474",7,19,"","Blot",48,,1
79,"cab9bf1e3349ff993e2d5ff78740c31c208c00e5",15,,"","Bobillier",48,,1
80,"d16200747dde093a186249f1aa6a4c754c862586",7,,"","Boissonnet",48,,1
81,"7f0e26ffc36d4afab0b1f8ce242f552846bd5bfc",5,16,"Jérôme","Bonaparte",48,,1
82,"92a07a7fd44774f3d9aeaa06e31a3e23b36376de",1,17,"Napoléon","Bonaparte",48,,1
83,"559f8d7face708a0ca2a66b7483b8fe0c98090d6",7,,"","Bonne",48,,1
84,"9568b1b57be00effdeea4730f1e21f3214791253",8,19,"","Bonnemains",48,,1
85,"6ee90b49ff60082a24070a7965515d32b877553f",15,,"","Bonnet",48,,1
86,"1c63c33d6cd33d0f414c0237bcf41fe47143bf8d",8,,"","Bony",48,,1
87,"e5291e84d8f8cd7c1728b271130577385cacedaf",8,20,"","Boudin de Tromelin",48,,1
88,"e6fc2a5cd7c40e0c214b380756d2974d006b38a7",7,19,"","Bouge",48,,1
89,"3b176cc10d6a90d68e76dd79e85e468a750c4f77",12,,"","Boulangé",48,,1
90,"8a696a99e03b74711843044f3a3c68b4d3f19830",15,,"","Boumard",48,,1
91,"2358a048e209f6d1d7310eb1400f1a88cec7aead",7,19,"","Bouquerot des Essarts",48,,1
92,"ce00a2d02cf8484aab7b908cc189bc42914b02ca",12,,"","Bourgeois",48,,1
93,"4ad41557fc46adec8ac8ab282d885fd3a89edc8b",12,,"","Bourgeois",48,,1
94,"6ec0b8e332223427f96fc34ecfb72f3a090156fd",8,19,"","Bourgeois",48,,1
95,"20a1775f1c0bb16852c73a25ca232c8f9a4977bf",5,20,"","Bourmont",48,,1
96,"85e9210dbbb40ce537a5de05a94602ca8f56271b",7,,"","Braun",48,,1
97,"3d79d334747c3211ed2106da2f886e219c35bd6a",7,,"","Brice",48,,1
98,"679af04e66f36dd64fb22dde4eb95a579e4c1ec1",12,,"","Brignon",48,,1
99,"192767de9e61f0440750492f4073ee9f848649d7",7,20,"","Briqueville",48,,1
100,"aea8c50335284ba30e65e9d6fa566d43a2d72620",7,,"","Bro",48,,1
101,"a1d3c45a3b41f77f5dcc9b6dd61de34e5f34356d",8,,"","Brue",48,,1
102,"808cfeb4a7faede3ece1ca1efc1f381d83c34a9f",8,19,"","Bruno",48,,1
103,"88248f742d0215f8894197a7f8bf30991438a272",7,,"","Bureaux de Puzy",48,,1
104,"3ba7a10bdeb47239a01b59bcd3637148daccf161",8,19,"","Burthe",48,,1
105,"fd540eb340480efef13e761a8c6bf9f5fd73db10",5,20,"","BÜLOW von DENNEWITZ",51,,1
106,"762efd0d60cc592a05346939e03efb91af91abd3",9,,"J.","CAMERON",47,,1
107,"71759815f3515067f3bc6a66bf6d5c24259c3c1a",13,,"","CAMIESE",52,,1
108,"4554ec49ecc3fd2d03b11059e020f6ee472421d1",10,,"C.","CAMPBELL",47,,1
109,"9ffecfaef2f11686f09734f2b56833615b738b4a",9,,"J.","CARMICHAEL-SMYTH",49,,1
110,"94834d9945bcd8c9135c77fd788fdc700176bbb2",5,19,"D.H.","CHASSE",52,,1
111,"ef833f5c53c2e0c70ab68a1115e8832b0509d2bc",9,,"A.B.","CLIFTON",47,,1
112,"7812792277dcf26cd906a66edd69c4e563e8dd14",5,18,"Henry","CLINTON",47,,1
113,"b43313fd2bef015ab3f0cdca2264a88a9e8612a5",9,,"L.P.","COENEGRACHT",52,,1
114,"fd15a1a1f21e493ddad877cc94c2dc4829b59bca",9,18,"J.","COLBORNE",47,,1
115,"03b48a9488723ca0abbc51c16db23da90cc5a6f0",5,18,"Lowry","COLE",47,,1
116,"bd6723c2ffea0e9a652c79006e9be9858a6c7ce7",9,,"P.C.","COLTHOFF",52,,1
117,"79dca261f195137e01b72243a9144302c4c6a486",5,18,"Ch.","COLVILLE",47,,1
118,"3467867e55a251eb69257dd99234a1846715c502",12,,"","CONRADI",51,,1
119,"c925c13a7730c35ef7e67f6c9466772a1e948281",6,,"Georges","COOKE",47,,1
120,"06ac551768dfdb25ad01313354b51cb512943a77",10,,"","CRAMM",50,,1
121,"679ec6656401c3895a32647a293dce033929241f",10,,"","CROUPP",49,,1
122,"4ab411a3a4ef595556bd8c7650eec45327685120",8,20,"","Cambronne",48,,1
123,"3334b3cf9d54f8c9c99ebcbe60a54811276bf66d",7,18,"Colin","Campbell",47,,1
124,"b03c1e533601c2796d83f3012b1836718e52ffe3",8,19,"","Campi",48,,1
125,"4fdf4358892b155c14898f0c8f14dc0adbd38df2",7,,"","Canevas",48,,1
126,"4a32cab90067cdf9d3aa2b1d98a43f504640fecb",12,,"","Cantin",48,,1
127,"7e6140b1810bf1ce05ba667eb6fc79f12bef8f68",7,19,"","Carré",48,,1
128,"762d348dc7afbbdead5afdbc30efee4b8b8c7e79",12,,"","Carré",48,,1
129,"a7c9c3dea342d97079f9aa0b3331124decb85312",7,,"","Chaillot",48,,1
130,"f381b140f1846272b057e8cb6b279bb2b9c3972a",7,,"","Chapuzet",48,,1
131,"2d80087ee6b27cc6d675469056949d4bd294139d",7,,"","Charlet",48,,1
132,"7c9fcf9928c75431c801a3f142b219da7678b377",12,,"","Charlet",48,,1
133,"fa89937b1bd6eb9e65557f06eca871141335775b",8,,"","Chartran",48,,1
134,"c4a4855f48790e027ae86353a580214063d39637",7,19,"","Chasseriau",48,,1
135,"0c25f7be53dbdddc06f0de0b12b60a722a021fee",5,19,"","Chastel",48,,1
136,"9242b37e24a9d4d060c5f224825b4fe920b830ad",10,,"","Chaudon",48,,1
137,"be8b8cb84d2d6459d827f8119211c2d52e6e2eab",12,,"","Chauveau",48,,1
138,"8b81e906378a7100c3f53cee05c2102a93f28f2b",10,,"","Chaïm",48,,1
139,"afeac62454c4eb627ba4c85eecb667e07a663aee",12,,"","Cheanne",48,,1
140,"67c8d3b11823d6412acc9fd4ff6fe716299b6ea8",7,,"","Chevalier",48,,1
141,"152677bdc8855baf472374f505c97d152c3f9f82",12,,"","Chiappe",48,,1
142,"bd776e6e8794024c0c0420043673601ef2cf2ac8",12,,"","Choumara",48,,1
143,"46f8b98982b9fcfdb90c7766a716fa58a25b0520",8,19,"","Christiani",48,,1
144,"3d0239580390698853389736573e6f17a34cf473",8,,"","Clary",48,,1
145,"bc937ae49fa4bd7a7d56c050824dd50ee155f869",7,,"","Clouet",48,,1
146,"a23f1ec549935f3ddfacf5c033d25f3b3e85b804",12,,"","Coignet",48,,1
147,"016a4978097c2c333f5f95d88bfc999c5138c885",12,,"","Colle",48,,1
148,"c2eef0d0b8621a99a08091b7705fa16ca65da546",15,,"","Condamy",48,,1
149,"de70bb4dc265f5e21f56e48f90196a27e2918506",7,,"","Constantin",48,,1
150,"064c2427d3db8ba17a8aa9be10061bca2e7891fc",7,23,"","Cornebize",48,,1
151,"4bb506c6f0021e53b568da97ab0a52081ecabb62",8,19,"","Corsin",48,,1
152,"319a1a0ed5dc82c8a91fbcdfc95b19062d33d38d",12,,"","Cosgueterre",48,,1
153,"0da9be8b7d304124412b5cff4cf25b797e21a734",12,,"","Cossière",48,,1
154,"5ad183caba1c9e8d880e5c57257439cc859ff71e",12,,"","Cotelle",48,,1
155,"7812df80332464551245b4126b27cb22151ad1f9",7,,"","Courthier",48,,1
156,"e676379f59e368b5c6fc05fbf91a4bc589fb7813",7,,"","Crabbe",48,,1
157,"5563f190074c02e521ea35b013c6452eb05ca7f1",7,,"","Curnier",48,,1
158,"f234b34b40285193ca0707a4795a0adbb036bc70",9,,"L.C.","DALRYMPLE",47,,1
159,"6610509c7c2056cdab2a4e664dcc07955e9892ff",10,,"","DECKEN",49,,1
160,"91db7b057eda3d9e1bc698c466a73700e5e1fae6",13,,"","DELLEN",51,,1
161,"5484d9312646d7f58e7166ece7f18ba03951b745",7,,"H.G.","DETMERS",52,,1
162,"5d3658b8346c7c98041663e16c8b26eb5aae836c",9,,"N.","DOUGLAS",47,,1
163,"89e5e6eec7ba86976702faa66074ec61f28bee20",9,18,"W.","DOUGLAS",47,,1
164,"0162cec81dc2aff00b1778b543d299423f3c500d",10,,"P.","DRUMOND",47,,1
165,"f0518ef99ecda8c0a1952a99adac5a5d76ed0db7",9,19,"F.L.","DUVIVIER",52,,1
166,"65dd25de6e5c639122b4b7a966a0a14f5e7deba2",12,,"","Daigremont",48,,1
167,"7a4667da35cf31aaff958922e75960f543303e55",7,,"","Danlion",48,,1
168,"c5385659a7f80a7b7c8cd32158027b9c91e1843d",7,23,"","Darsonval",48,,1
169,"d3aa47610fee30f68fdbb9ede25ee10299530247",7,,"","Daulé",48,,1
170,"d8eacf6aaf5c8ae41ef47fcb3bb9d1c5ac12c64e",12,,"","Daux",48,,1
171,"fba2c70d561c84363d4783bd20cdfee83a605864",7,,"","Delahaye",48,,1
172,"4b704a0b0c7cc4fa377d26865dc84707d8bc38a7",8,19,"","Delcambre",48,,1
173,"fd9cef24b72eeb5a488da3585f8bf9a343a052a8",5,19,"","Delort",48,,1
174,"ff4e2bdd084b8cf507db2ce3adf1b05a7d8dafab",,,"","Demon-Frère",48,,1
175,"7a2033aefe1907c795bc56aaf45ea304b2aa0197",8,19,"","Dentzel",48,,1
176,"45ef3a2dcd3abc984e45741d3090b3fa9dfb6d64",12,,"","Deshaulles",48,,1
177,"ba5c30e5125c2041a9a6e0dbb01cff2ac0f3e86f",7,19,"","Desmichels",48,,1
178,"4f3ca02c4d93561bdb1ee71a04cd676bb3dba088",8,,"","Desprez",48,,1
179,"dab2100834dd33016b82fb4719449287618b9cea",5,19,"","Desvaux de St-Maurice",48,,1
180,"a6eedaf49474708970b58917fcb4ad4359944961",7,,"","Devienne",48,,1
181,"ba48f42ef000e952e8abef576350e704f1c09b8e",12,,"","Didier",48,,1
182,"c532587ce4cc04956a8c37a959aeeb6f4deb2148",8,19,"","Dommanget",48,,1
183,"36bc16821d9adc52067e437d5080bbc7b8f9967d",5,19,"","Domon",48,,1
184,"1a0f9e77f388eac34b34e83862714fc57b8a9c21",8,19,"","Donop",48,,1
185,"871b479117f141743901d3ddc7b9a637fe41372c",5,19,"","Donzelot",48,,1
186,"8295b76c0618784f9b0ed948386c6d68b85626b5",8,19,"","Doquereau",48,,1
187,"6c889e914bd16ad4385105a7bbf3b7d7f52ee58c",5,20,"J-B","Drouet d'Erlon",48,,1
188,"bf66a4cd591ce777a88e75642e8e5604335f2077",5,20,"A.","Drouot",48,,1
189,"147b908c60451621ddfaf68b50b82c1986e3ddbf",12,,"","Drulin",48,,1
190,"0de2567c8c38cf321998f8eb9171ee9fbbbe1011",7,,"","Druot",48,,1
191,"5a3fe375a388e8b206fbe0405badec0f9eb9dacf",7,,"","Dubalen",48,,1
192,"fff3041bbf2413d5d648ad0775601e5f548e91d9",8,,"","Dubois de Thinville",48,,1
193,"27a8b1e12d96e7b3a8a1513c76b0b3a2d6a09d56",7,,"","Dubuard-Maurin",48,,1
194,"a3c4341612ac59b0577ed35340c9b1c6d4356931",7,,"","Duchand",48,,1
195,"38aa921e9a1cd0288a850be4f156d864838983ad",8,19,"","Dufour",48,,1
196,"a3ea8d9b231dc7a5f53e18cab3ad4cac2440cdd8",5,20,"","Duhesme",48,,1
197,"fde396736972498881f4b167e7efd96d33a6ae6f",6,22,"Frederic-Guillaume ","Duke of Brunswick",50,,1
198,"857f2c3f10f4283a18fcb775657cf155f9d2bbc1",12,,"","Dumont",48,,1
199,"5e99a0702aec3664cdcb6a9a315d776598540d7c",8,,"","Dupeyroux",48,,1
200,"b58b7238b7a3b8b8d0ccad6793f84b8e630ced53",13,,"","Dupont",48,,1
201,"1386753c716dddc7d9a4da172dd87db4075b8bd4",7,,"","Dupré",48,,1
202,"62a0ba0288e2f59222668fa66c6b3322a9ae860a",8,19,"","Durrieu",48,,1
203,"3261bda4f3e8a4bce54db4af385fd695d45b6ba2",5,20,"","Durutte",48,,1
204,"8af78c816534adbc3e3feded7d31390b03d192e7",12,,"","Duvernay",48,,1
205,"34acda2456c18be990f24eb0aacd180be5c92717",7,,"","Duzaire",48,,1
206,"5861192de683d4c7ff0dea5af7cf06879ba0874e",12,,"","Dyonnet",48,,1
207,"925aab40aec3593e3539f60c29a766b8dae536f3",10,,"","EBELING",50,,1
208,"57e87dd14e77c8cadd8ff0f303c61e6b3f83738b",9,18,"H.W.","ELLIS",47,,1
209,"a8a67dbc26803d9751a9b687d6e13948a9dcff31",9,,"W.K.","ELPHINSTONE",47,,1
210,"7416619e6ff21646cae7c8206b6f2d76d37abdca",12,,"J-B","ESSAU",52,,1
211,"50f4a2835f93d5f67158ccfc1b2c1ea820df7244",12,,"","Emon",48,,1
212,"753e38dbddc4b0b0a1f4bcdf289e1c542d90e207",12,,"","Emon",48,,1
213,"686dac8376623eef1fc75f2f86a7f9d4934d069a",12,,"","Etienne",48,,1
214,"858f9e9727ce97d4259ea139caed55298f4a2644",12,,"","Euzenate",48,,1
215,"bbce15aa24c30be08e4f5d6efebdfdc70fbfd71c",5,20,"R.","Exelmans",48,,1
216,"43b7f34ead3d8f916178c4b6f21b2ffae96b4af0",10,,"S.G.","FERRIOR",47,,1
217,"7d33f9683bf150aca733d5607751c56c33c32319",10,,"","FRICCIUS",51,,1
218,"34a18b0501d9015895b497d3c334852d9a91be9f",12,,"","FRITZE",51,,1
219,"fc8ed8853013844e24dd3d3ce38bee4e8a204a04",9,,"W.","FULLER",47,,1
220,"8bd55be5fedb53d385a1335d8d6f3491222930b7",7,,"","Fantin des Odoards",48,,1
221,"c9dc3618e8bbbacf0794914526dff6839e23a0a7",8,19,"","Farine",48,,1
222,"85bf6dce9efaa573eabc0c075e473b047419fd0a",7,,"","Faullin",48,,1
223,"8196b452f566d9ac09dbacd7712b23987c0e5e1e",12,,"","Fenouillat",48,,1
224,"558f750a3c50d7ecde93dd377f7150192d2042b0",7,,"","Ferousat",48,,1
225,"9f2e3d83ce00a423dcdd4761458a769764cee55f",12,,"","Ferrey",48,,1
226,"37153aafc450fa3cb1b2633d51d4b366e3b6cf61",12,,"","Fivel",48,,1
227,"e0886970d514902499655d8e6cda693f15c1d54b",12,,"","Foliot",48,,1
228,"a885d30052f8c446a5fff6806408f6a9445a92b8",7,,"","Fortier",48,,1
229,"68387b475c8cae2705b2f064c71d672b44b64155",15,,"","Fortin",48,,1
230,"e305b4f422083fef154bd92df5978a7eccd87b6c",8,20,"","Foulier de Relingue",48,,1
231,"a2a358f61a54e377ccfd60399f7e2cefe238bfa0",5,20,"","Foy",48,,1
232,"592a31305821eb9e05b0c334bd654e7624750374",12,,"","François",48,,1
233,"073aff920650adef714101cde1da72c461146853",12,,"","Friant",48,,1
234,"a1bb90d82858035d08a7b0e41786bb9da29247f5",5,20,"","Friant",48,,1
235,"38aef86ffaa921e77dc899b1dc7e79f0b1bdc381",7,,"","Froment",48,,1
236,"21c55ddb1e6ede7516f87b171399c0bdc1379260",9,18,"Robert","GARDINER",47,,1
237,"a0143202bf14c21017131f780863e4d57e5944c4",12,,"","GESENIUS",47,,1
238,"2ca1093fd318713f7352a2bde8628875da9ddebd",12,,"A.R.","GEY",52,,1
239,"fa62bb75d682bda75dd21027fc015bc5f5f76666",13,,"","GIESE",51,,1
240,"f331402ebeb062cf5274db24bb64022d10d90cdf",9,,"Ch.","GOETHALS",52,,1
241,"e3116d182e4b64caa8e959882f0913e665d1a9b1",9,,"C.","GOLD",47,,1
242,"c6bce5670aa82487d587d0940ad7822b5eb01073",6,18,"Colquhoun ","GRANT",47,,1
243,"459a1ea884a5c82a3b21235536816b8cbaeab114",9,,"","GROTE",49,,1
244,"cdd73905796e6f7dcd71f928822a7a29e3948c2f",9,,"J.W.","GRUNEBOSCH",52,,1
245,"a1d3bdbfec3946d7097559f013da7530cfe732b7",9,,"F.A.","GUICHERIT",52,,1
246,"129e97d2e02ee66c098c9019a3a8b972e5eaaf47",4,21,"","GUILLAUME de Prusse",51,,1
247,"84c8abb03f44b747d0e964db6d224e167aea2934",6,,"C.A. ","GUNKEL",52,,1
248,"d29af38d07bf9f9c98e409f51da35ac70fab3e73",7,23,"","Galté",48,,1
249,"d012d00b96ee4dc7748ed9f30f91ecb54cd3de56",7,,"","Garavaque",48,,1
250,"74214731d18337c3626340be743d843bfd147ed6",8,19,"","Garbé",48,,1
251,"6c96f6da10270acbda124644bcb7b1e9076add72",7,,"","Garnier",48,,1
252,"6abf6307a29888f1c7733ab034d5f04c3e3a3b04",7,,"","Gaudin",48,,1
253,"2e0b02fc0ee4c71e538cc352403fa44d6de0300f",8,19,"","Gauthier",48,,1
254,"9ae4f239583eb5a53dc758031fa0fcdec8514db2",12,,"","Gayat",48,,1
255,"b47cf73129e2ad8cd8dcee9c11a7db296f7939b5",15,,"","Gemeau",48,,1
256,"b6132afdefae8e25d49b749242ec68b3787d3f33",8,19,"","Genoult",48,,1
257,"07436f0a58c1faef4c09b043e91476facbf8488e",7,,"","Genty",48,,1
258,"eb6b107c8a926ebfdb18fe5237afff5e1313d816",5,19,"","Girard",48,,1
259,"12c10fc1a38d7255536fa91c8cefb7efb0fb3daa",7,,"","Giraut de Coehorn",48,,1
260,"1fe9c6856028a62de7df370e220acfaf5a56a0c2",12,,"","Glautier",48,,1
261,"e918600dae706dc1ed7cdb7b69d69063e8f35ac9",7,,"","Gobert",48,,1
262,"1b6bc1945fdb4ff1c8300d65c695771d4af95cae",8,,"","Gobrecht",48,,1
263,"9f8e90bc3eaf6af1bfb76d478029efc0bdd2896d",12,,"","Godet",48,,1
264,"d57296ef01ac9213b9c426273f29128788f1dde7",7,23,"","Gordon",48,,1
265,"6dc4feea4b4797a314568fa65f79c4de218482e2",12,,"","Gothereaux",48,,1
266,"3e9d5924567e05a2d4463a8837361a7973112f8a",7,,"","Gougeon",48,,1
267,"800aabbbbed861050bf5af3875acf043408029d4",7,,"","Gougeon",48,,1
268,"bdda9f7d3150ccffa881c0700774d9cb69e73a1a",7,19,"G.","Gourgaud",48,,1
269,"2c5cdadf29c3b300068a6798dbf2aa747f46f068",7,20,"","Gramont",48,,1
270,"96e30077a31c9c580b58a5b8c42b6ee4694a1068",7,19,"","Grandjean",48,,1
271,"11ebc4a5a882e5eb3143a478edf9a4c8363bac57",8,,"","Grenier",48,,1
272,"1bc1085f00a23eb1e49b8c9a3d90d65bb27fc3a6",12,,"","Gronnier",48,,1
273,"11207a43946be4515d7f46fc2a0c553ee97ad408",7,,"","Grouard",48,,1
274,"c540c57b0cc236916d316b3deafd0c26aab583bc",7,23,"","Gueurel",48,,1
275,"bd30b057e62a681938f7f9e91697db50889ca3f0",8,19,"","Guitton",48,,1
276,"a933085a14a2a36c02229dcbb80db4f5ac63114f",8,,"","Guye, marquis de Rio-Milanos",48,,1
277,"622c1828ce6eb5e98c7e0afd2e67c0bd4d7cb665",5,19,"","Guyot",48,,1
278,"8b78d7e2920e388f94b66f3bf4e5ede36c1aef93",12,,"","Guérin",48,,1
279,"46e1ed5aecfb9572d107a9bc1f9dafeb29b78f81",5,20,"","Gérard",48,,1
280,"f1cd49cbf5295a5851e9bcd53bf3dde9b7618697",5,18,"Colin","HALKETT",47,,1
281,"3b9ba40de3b6f02527444b746b2ad8cf4b3148d5",7,,"Hugh Wm","HALKETT",49,,1
282,"b19a5a8252fc9f80f9d9496b402e68ac478d7d36",9,,"J.M.","HAMERTON",47,,1
283,"b5398eb09e2b7e9ef1ad5d77b3a6a636e05db815",9,,"J.J.","HAMILTON",47,,1
284,"9e71a12073962e7e5f57a13e3d7f528721e117b2",10,,"","HAMMERSTEIN",49,,1
285,"0ff068d45edfd0355655bd2d05012bd271034c8b",10,,"","HAMMERSTEIN",49,,1
286,"4b8be603be46cf75129aa153fa0ce1f8ac668ce2",12,,"J.","HARE",47,,1
287,"da2ea4c801797e538aa8eb3c483fe655da9d48c1",9,,"G.","HARRIS",47,,1
288,"e125e8230287407658d986e7dcda3b148f81687a",9,,"J.","HAWKER",47,,1
289,"0eb72aed15fcd54450f6adea1c836cccadaf9439",9,,"James","HAY",47,,1
290,"25a7716a3fb28841f2ae6e6c9061c962b9efbed9",10,,"G.","HECHMANN",52,,1
291,"77470b4425227d0505ba5832260262c3cae050ae",12,,"","HEINEMANN",50,,1
292,"71304f397ccab68f28bb024e54cecf01670e219f",10,,"L.","HEISE",47,,1
293,"697b7cbc3230c85bf3883ec2794e37a6f9b527be",6,20,"","HENKEL von Donnersmark",51,,1
294,"253e70a028c62f719fcd99592fffe4ca34c99a8c",13,,"","HENSEL II",51,,1
295,"d81bb41f21bccc42c5c597a73c1d4e742a7f411d",10,,"F.","HEPBURN",47,,1
296,"2f73a1670c6dcdf84a3b2595fa2eae417ae7960f",13,,"","HERMANN",51,,1
297,"2741ffe0b0375b3a62491dcb7aba9e98dfc710da",10,,"A.R.","HEYLAND",47,,1
298,"0e54eec5efd5ec055271eadffd21ea414ca45e46",10,,"J.","HICKS",47,,1
299,"4294c3f6fc90b7ae85597ba4304e8543690f2525",9,18,"Rob.C.","HILL",47,,1
300,"e85c307ffd2f5370e9ae08355803307b82f37aa5",5,26,"Rowland","HILL",47,,1
301,"83516c8542c584c1d7bd525d543293316aac206b",13,,"","HOLSCHE",51,,1
302,"3f375922786126897ad90d509a834ec42b75da7f",5,,"G.J.","HOLSMAN",52,,1
303,"f9c1f2382e1ac2d0f3ec080e31173a9cfd03cbda",10,,"","HOLSTEIN",50,,1
304,"6aef10edc10066ec0fcccab9e0d5389bc5084322",12,,"","HOLTORFF",51,,1
305,"a97d564951afffb4b66ece28775d32e4840f8683",12,,"","HUET",51,,1
306,"08081eb35597163d9fc5ff89a60a7f7d5344b04c",12,,"","HUNT",47,,1
307,"c6c7ae50fff7e4be5c42e7eb80e1424bb4d79e7d",12,,"Th.","HUTCHESSON",47,,1
308,"a57a41c16b67431e14c959372c97af58780a0562",5,19,"","Habert",48,,1
309,"ad1f2e4c51f9bf4c96a903f72ef1e860eba036b5",7,,"","Habert",48,,1
310,"0504dc5a550207cae5ab20d447aa71c677997072",12,,"","Hamelin",48,,1
311,"c8578d3fed0f7377e3da2532ad283ab6fdd17de8",8,,"","Harlet",48,,1
312,"9798a30b21d607d469bcfbf6bd8ebc99624feb6d",5,19,"","Haxo",48,,1
313,"742df821dacfd0b661f036d48edd0b6d5b233250",8,,"","Henrion",48,,1
314,"c3933ee48333d13386c2014b9f733bab9ba26cf8",10,,"Henry","Henry ASKEW",47,,1
315,"f2a51f910e6fbb540657cbe9893f0e73f344fe9b",7,,"","Heriot",48,,1
316,"6081603c6bfd9ca4a60d7df63341654167847602",7,,"","Hervé",48,,1
317,"60d1b413ce5ae11ba6eb67a190487b18d2709b23",7,,"","Heymès",48,,1
318,"c4f4953be59b717636232b59b3089b32d04c9710",7,,"","Higonet",48,,1
319,"8704f139a18e7ca4bf953accf14a2272ebac0499",7,,"","Hortode",48,,1
320,"c7dca2b61093646e9496af013e471384aa0c9679",8,19,"","Houssin de St-Laurent",48,,1
321,"b9bef8c9fac712c22d7ecf19986edab165cdf0e5",7,18,"William ","Howe de Lancey",47,,1
322,"af74d316ed0c6610083708ce55bcd36d64647d28",12,,"","Hubert",48,,1
323,"51f81accc8e180dd300dfe7947ac825dc52de6da",8,19,"","Hubert",48,,1
324,"dc9c2d91d9adc9f99a45b8fe715996ccb7a23852",13,,"E.","Hubert",48,,1
325,"80cdea9394a5639e691cdc6fd51d9a46ea5ece39",7,23,"","Hudry",48,,1
326,"c376beab00869cabbb557005765049eb52602da2",7,,"","Hugo",48,,1
327,"3643af469056e42d7f2015388ac5c05abfe30e81",8,19,"","Hulot",48,,1
328,"5df95d1545d0f4ec33c97417f1bcfe5ba28adc5f",7,19,"","Hurel",48,,1
329,"fc72c0399db523e30317e473faed1e30b62aa34d",8,19,"","Husson",48,,1
330,"a7f78d04c49aa715d3cb8630bf5411c53540cb67",12,,"C.","ILBERT",47,,1
331,"c50eb0fdb0b4da12fda4fc8c661e9384a16941cc",13,,"","JENICHEN",51,,1
332,"7652e918053e1b62987b09208830017c2c5175f7",6,,"G.","JOHNSTONE",47,,1
333,"ae0008e62b7e7f6931a8fa562861d63f606ab6e7",13,,"","JUNHANS",51,,1
334,"bcc0e3f554ddfcd18e011fccb1d7a9041f25c263",7,19,"","Jacqueminot",48,,1
335,"7621fad5d678656b8528822ece4c05939b93dba1",12,,"","Jacques",48,,1
336,"aaa34ffd4d4d4e1d34ac50907752b6070631d095",7,,"","Jacquinot",48,,1
337,"69df6e7e5f697dac715f32f9eab46b8b218f0eee",5,19,"","Jacquinot",48,,1
338,"7c44867f680082778de07f0587c85437dc74c662",8,,"","Jamin",48,,1
339,"6502d3274cc3b39d1c8ce61c73b4755a63b15a97",8,28,"J.B.","Jamin",48,,1
340,"b4ab183d10e3dec3389cdc5f7b0af2cc1fc1564e",8,,"M.","Jamin",48,,1
341,"83c23b153bc5c8f46a1a89f83faaf05ff9934a88",7,,"","Janin",48,,1
342,"13a6459284ee678a36b87eb08bdd1d86d2903fbf",5,19,"","Jannin",48,,1
343,"394c62d9d307c7ee6a513ea0efa6b9bcd8764a21",7,,"","Juchereau de St Denis",48,,1
344,"c6dee200bbdea3182e393d85f64e7749cc7c9021",12,,"N.L.","KAEMPHER",52,,1
345,"5badad0fedcf231aa21797324196e15bc167e600",6,18,"James","KEMPT",47,,1
346,"7676d4998797f662423df83e9939432f03bf059d",9,18,"E.","KERRISON",47,,1
347,"8a8b6dc1ba163fff9809536a9d5366cbb5af5e61",6,20,"","KIELMANSEGGE",49,,1
348,"940f5d9b6161c92aba0038461aca49d554e80bed",9,20,"F.","KIELMANSSEGGE",49,,1
349,"9b18624d670411c210e9bb037e2c6864d2fd5c45",13,,"","KIKKERT",52,,1
350,"eb533517fd3f8cc4f15074c48dc43ac7212eaf79",9,,"F.","KNOTZER",47,,1
351,"d92b20e5f823bad985dfb6bdea57368f9cab84bc",12,,"","KOEPPEN",51,,1
352,"8a17ee7985e69197b23104199b64655ad263fcf3",10,,"H.J.","KUHLMANN",47,,1
353,"68216a50a8810d31c8a8ac7252d5decc602f5338",9,,"W.","KUYCK",52,,1
354,"9171cc9ada6036cda3312e75fa8be0e04dfd525e",12,,"C.F.","KWRAHMER de BICHIN",52,,1
355,"91b6918083a526591f23476273340245d1225a6a",5,20,"F.","Kellerman, Comte de Valmy",48,,1
356,"6125f02248fba293c9f54388a00c78c2dbcfc68c",9,,"E.P.","L'HONNEUX",52,,1
357,"c8967f5e6f9672fd2541ed4690b429207df22302",6,18,"John","LAMBERT",47,,1
358,"6b9d5c6a0d10350a2a3fc3ee695a7b0325c41f01",9,,"C.M.","LECHLEITNER",52,,1
359,"6d3bc8fc98df6be07b02cf598ae985273e20d5d9",9,,"","LEHMANN",51,,1
360,"5f36d4fd75e82a9dbae10d4482ca45fb9720a59a",13,,"","LENT",51,,1
361,"539b09a7f440e0de11ad6b858641c650286850ee",13,,"","LEO II",51,,1
362,"b24f423c03c18d912f468736965f7318ece0051e",13,,"","LEUTNER",52,,1
363,"c0c20db050af9deee5038f0399278f888b2579ae",12,,"Wm F.","LLOYD",47,,1
364,"575bd9910e849864688bdcd039ae91b8df719c63",13,,"","LOTTNER",51,,1
365,"a36e6a549af14ab85623fd44bb179793302ef247",12,,"J.H.","LUX",52,,1
366,"2d33312dd7e3dd8618726afdc60b3a0a2bdc93f9",10,24,"E.P.","LYGON",47,,1
367,"84a0f2f378208bac2e40b15306a416cdced54cf0",6,18,"James","LYON",49,,1
368,"9a319de30ab1e5167562b2581e1c8d9ddfe7d871",7,,"","Labiffe",48,,1
369,"b32ea0b4307ff3035846e66e5dc4c0874cb48755",5,19,"P.","Lacroix",48,,1
370,"99706a9531d7885e80ccbbc23acd10063b90c542",8,,"","Laffite",48,,1
371,"8e3bcaa6855de4203542b2f2b16fe2f50c851375",7,,"","Laflèche",48,,1
372,"fb15351fbe1887cf5232434350aa6ee883c40748",8,19,"","Lagarde",48,,1
373,"3cd393015faced265c95dcbbcbc55bbb1ef9279b",7,,"","Lahuberdière",48,,1
374,"03cfed3953b5772818ce131957fa55c1f54d5d34",8,19,"F.","Lallemand",48,,1
375,"ba3f2d0ee0e447c0bf933c9280dea52ed8c83d01",8,19,"H.D.","Lallemand",48,,1
376,"125764a572f02f5aad979aefe7f610e88db51247",,,"","Lambert",48,,1
377,"b9c51ae9dfbd583966bd72a72f2bf5c70d125355",12,,"","Langlois",48,,1
378,"01d8d031eaab283e562802e0efcfcb47c2e69951",,19,"D.","Larrey",48,,1
379,"2a79b2486783e8c20ea604aeae05e81fa6ae7d6b",12,,"","Laude",48,,1
380,"643590c698ce5aa654518ea73f4e56b6b54a55f8",7,,"","Laurent",48,,1
381,"19a3e116f3d5b15bb85764e63cb31cd4c9b7a46e",7,23,"","Laurin",48,,1
382,"6a55376667d3b14b99a22af4fc25f57433152079",7,,"","Lavigne",48,,1
383,"3507f5e6aa391facf9177bb2a7e57d3c2e0273e8",7,,"","Lavrède",48,,1
384,"dddbb3628ceefb0dc27956134ce35ed6887b0757",,19,"","Le Sénéchal",48,,1
385,"28ec303da07a3989b827f21c93e619eaec8c563a",8,19,"","Le capitaine",48,,1
386,"4fe49364a53556e7ce505ddc7396bd26392f49c5",12,,"","LePescheur",48,,1
387,"423c4250e167f445a63dbb41b9c9352ba5dcc671",12,,"","Lebeau",48,,1
388,"ff29c53670939a1844dc4cd455e74510eb8ba58d",12,,"","Lecocq",48,,1
389,"2b548dc8198ef432c40153ce902bd4f5d6b7d6d2",12,,"","Lecorbeiller",48,,1
390,"2ff3607ad67f154cb06c2d60fefb8b1431d69bc1",7,,"","Lecoutrier",48,,1
391,"f3078059c9ab9e53d66d24d5d8f2ae9a871d54c4",15,,"","Lefebvre-Desvaux",48,,1
392,"6d18630e71b16c6478acac716ebf2745c820a930",5,19,"","Lefol",48,,1
393,"7f7833178713fef90737c0b5970b547db25ea6d1",5,20,"","Lefèvre-Desnoëttes",48,,1
394,"f2a9c1275d6f631f7d8482409ad9f63dd6f9c869",7,,"","Legay d'Arcy",48,,1
395,"fd0220b0615f13ce5866303de763d7b3802ff0c4",12,,"F.","Legrand",48,,1
396,"d94e07cac023825cfab726f160dce4ccf7a049fd",10,,"","Legriel",48,,1
397,"7196299548dfd144ac366050dd52adcf9f38cd30",7,,"","Lejeans",48,,1
398,"d6d265c2b97f0c390ed9b63af0121503f4681fca",12,,"","Lemaire",48,,1
399,"5497f3c6751a99699a7c3d92db00aa464ad706ea",12,,"","Lenoir",48,,1
400,"b2920931b2a995d84d32b1c6812554c41e3729a9",12,,"","Leroux-Douville",48,,1
401,"3a7da86a5e334839c42fe748e42bc1c215314e80",12,,"","Lestrat",48,,1
402,"3d51379367c91cf8cbec2e3e285f185080eecd3d",5,19,"","Letort",48,,1
403,"009a586b80ceaa088d89c9a5ff9089af0f09d318",12,,"","Levasseur",48,,1
404,"27052a98d6c93b741c3f49ebf6cbf569709e3d3f",5,19,"","Lhéritier",48,,1
405,"6611a62a590d0b0d1e170c3a53f708ae6e57a69e",7,19,"","Liégeard",48,,1
406,"620afffb273cb5d9aa4884f3a536caec5262d347",12,,"","Louis",48,,1
407,"f5a8bc5abe8877454b5d1a4ede36d8c9a9a81d38",7,,"","Léopold",48,,1
408,"4fae6a8c7f08be64eafb559f547030f0671ca0b6",9,18,"R.","MACARA",47,,1
409,"f5da1ddbe1824028bf184892c3d1338c2e04789f",9,,"A.A.","MACDONNALD",47,,1
410,"6b84c6e0238105534d97c18e45b885649a7790fd",12,,"","MAGENHOEFER",51,,1
411,"33eac26d404062ad6d4b6944779386cc527ac84b",6,,"P.","MAITLAND",47,,1
412,"e5107b84d3f2396d35efc5f1af7f5ce2132a5f2e",10,,"","MARKOFF",51,,1
413,"03ab1519c9ff90d9af302866b142a1ac6674d8ed",13,,"","MARTITZ",51,,1
414,"40c19e409d1bcc16053641b1854c6e4aa2e0376a",12,,"A.C.","MERCER",47,,1
415,"fc2ccde852263aecf2ff98e2f673f7be00109698",10,,"","METZNER",50,,1
416,"2587c01e07133a87fc17124dfb1ca65b10e76b13",12,,"","MEYER",51,,1
417,"6c776b05b8ae5623664941e1098920f781f17101",9,,"F. Lewis","MEYER",47,,1
418,"20fcd95653b97c6b7b5f04b3687585932d11ce9b",12,,"","MICHAELIS",51,,1
419,"208418b2a62b59b8d2c865be3b831ced31d8e008",9,,"H.","MILLING",47,,1
420,"85ae4297832f5ed84fc311d6eefceee325afec76",7,,"H.H.","MITCHELL",47,,1
421,"bd4180d2fb9bc1c7595a00ba465d8d7dc9ab050a",9,,"Ch.","MORICE",47,,1
422,"550fb904bb925761bf23fd66a9f6ee678cb9d67a",10,,"W.","MORISSON",47,,1
423,"8bd64b96cf4cc5d7740f085d1716399f4d9029e5",13,,"","MUELLER",51,,1
424,"64249b9281ee8957b999895b224143c61599687a",10,,"G.","MULLER",47,,1
425,"6d9eddacaebdc59af74bc13a678667544e7abe15",10,19,"","MUNSTER (baron Gundirig)",49,,1
426,"f8b192ed11e005bfccbaabd3557444f149d61f78",9,24,"Henry","MURRAY",47,,1
427,"dfeda3a0ee1827ec010b4f4bc26afe459198e2e4",9,,"J.","MUTER",47,,1
428,"48c0ea27abe0bc423a8e77a2e402635c6adeebd3",10,,"C.","Mac ALISTER",47,,1
429,"e516ba4b4ae6d79a19936538bc04b6d77a8fd6d8",7,,"","Maigrot",48,,1
430,"01083251027fe33feefa7fb6e3c51678bcc6254d",7,19,"","Maire",48,,1
431,"0678b8819aeef6d3ea9ead37aed1e9f0d3bd500c",12,,"","Malherbe",48,,1
432,"64a8cb56a276c90391cc5d0e07f1cdf01bbf223d",,,"","Mallet",48,,1
433,"14a48fa8fe031f11d693b79c9aed50abb5a7b84f",7,19,"","Marbot",48,,1
434,"931e871b1a60377bc46bc1aafebb95c8ebd238c6",,,"L.","Marchand",48,,1
435,"cd8821e4574ba04a267194aa76eb49fee6629377",5,19,"","Marcognet",48,,1
436,"eb32c087871c99eefc365a6f47c858881e56349b",,22,"H.","Maret duc de Bassano",48,,1
437,"67ffc7a124910c8e9d8ac5a54f4bf6eb2589020e",7,19,"","Marion",48,,1
438,"f6c34e064711dd1b292258407ffc2202e8255ae2",7,,"","Marion",48,,1
439,"7a8ba339aa3d98d7e9111413de5c07dac93d4ab4",12,,"","Marquiaud",48,,1
440,"c15e78ea21e41b8066b69cebc68dea63f6b68f05",7,,"","Martigue",48,,1
441,"9842925af0662dcca5346a622c86fab3f811d5b1",7,,"","Martin",48,,1
442,"01151f18c6b387398036681b6d64f9f86e818d0a",7,,"","Masson",48,,1
443,"a0e869c27a1f59088eaebd29d235ae20ea0c6885",15,,"","Massot",48,,1
444,"bf4c274353c93514d451265e575ba55309cb284c",7,,"","Mathivet",48,,1
445,"72efff89d39289b21152b582ad0488a393644353",7,,"","Matis",48,,1
446,"428823a8ec4f96d15ed83c09dfe50445e899ff78",7,,"","Maurin",48,,1
447,"3248403ff199595a9d2c9cf09c97517ced8e5282",5,,"","Maurin",48,,1
448,"9a71314d4ac566271a6d6eeba99856a58e11a40a",15,23,"","Maurin",48,,1
449,"301e4efc48bca310034581a75c0838e68d4b6d5c",7,19,"","Maury",48,,1
450,"c2fe09a88d6042329da09bed032d6b1943722275",13,,"","Mauzat",48,,1
451,"0791f42f6bc481ec47b3b5ed99c0ecad55c24c4a",4,,"","Mellinet",48,,1
452,"cf4b907edfd7f2368b774cd1b534f71bf6123fd1",8,20,"","Merlin de Douai",48,,1
453,"3514153933be28e0a4c17d07eb9f65dad82b0fb3",12,,"","Meunier",48,,1
454,"3776dad4fd0e98a55a211f8e238008b0a065ba45",7,19,"","Michal",48,,1
455,"c4b1cd15ac7c0f844cbf99b73bfc12e469d4cb2c",5,20,"","Michel",48,,1
456,"d828e9a45b78fbcebcd81cb69ed73064bbb9fc18",5,20,"E.","Milhaud",48,,1
457,"150767e4be127dc917a306367bbc3bc3e5805a39",7,,"","Morin",48,,1
458,"3da16b9a8a2356e1b406a78d702f5d748b176af6",15,,"","Morlaincourt",48,,1
459,"207c38894f8bcb945dd3e174587e3958b8484771",12,,"","Moublanc",48,,1
460,"d6820821c331c3fbecfed1bac98b87887cb78678",7,,"","Mouton",48,,1
461,"f4392357a4e2425a78f33321942c68d25a7f33fc",5,20,"G.","Mouton comte de Lobau",48,,1
462,"cdd2a480a703ecece83716239d145ddb85e0967c",12,,"","Moutonnet",48,,1
463,"5fcc3e2866a3d0541dc0c929218d401a4a4df483",7,,"","Mouttet",48,,1
464,"f835cf5302572121b5e031d2710cd5f64067c112",7,,"","Mugnier",48,,1
465,"95fe70df3d087f3d70948eb3bc1a80cdaee94de9",12,,"","Muller",48,,1
466,"a097dccaebba8f557857a05f8a7cdabfbb6d5ffa",12,,"","NAUCK",51,,1
467,"7528b148e25afc08e732f2c171a7efd31770f4fa",13,,"C.","NAUMANN",52,,1
468,"23ce68f8190e83b146d98a0f59255a1c36c34d09",5,20,"Auguste G.A.","NEITHARDT von GNEISENAU",51,,1
469,"f8e17d8f66a443ae23eb894f7c286a22863f3ec1",9,,"Wm","NICOLAY",49,,1
470,"c78bd87193a719b2ce19013f0ebce97624c29b05",10,,"A.G.","NORCOTT",47,,1
471,"9e749cc4a58a62dc8a5d75fea024bfcb87b5dabc",10,,"","NORMAN",50,,1
472,"617867689a472749cf2f0d751fa27f9ec44fa5c1",12,20,"","NOSTITZ",51,,1
473,"341915d0d2b9eefdbce74772e4be41f4b73c7ed2",12,,"","Nancy",48,,1
474,"eed5b8872ab153cf1e3d875fa1b32669d769b52b",13,,"","Negrier",48,,1
475,"a2e631ad0b0f05783332b25021d5ab94bff6a948",5,19,"","Neigre",48,,1
476,"f7fbcd63fa08802dd1b934193a78d90493da5e6b",8,,"","Nempde du Poyet",48,,1
477,"98e2678bad30ae06f9a5d309ef2929434d980107",3,21,"Michel","Ney",48,,1
478,"29d4bcc12aae7ef0290f60bac25c6020369ef7c1",7,19,"","Nicolas",48,,1
479,"158d0dce8c25fa92453aa5d228c93d1e1a5ebe99",8,,"","Noguès",48,,1
480,"a8e18545852f230ad0343cc730fefb1bd7e03f91",13,,"","Noseda",48,,1
481,"57fdd5985eddf14408a3f842c140f8a19039bf01",5,19,"","Noury",48,,1
482,"6410f2e89c73bf235c9746c77d61499886628560",12,,"","Nye",48,,1
483,"2c252c63a5b1e501325014fe17fcc9306fdc9aaa",12,,"","O'Linus",48,,1
484,"b68cd42f3d34a363b6ef99cda356a2da981915ad",7,20,"","Ordener",48,,1
485,"14f56bb78441d7af21cbb390328eb522ecfd46bd",6,18,"Denis","PACK",47,,1
486,"6e1e234397f68e78319df581989bce034237a77f",5,19,"H.G.","PERPONCHER",52,,1
487,"28fc54767c8b5c7ec515f63da379b19aba468cac",12,,"A.A.","PETTER",52,,1
488,"081b8228babc2a8cbebed29e448387e7606d8dbc",12,,"","PFEIL",51,,1
489,"5a4f5917cb1d3de7324ccafbd1dae0b2b8cd4c58",5,18,"Thomas","PICTON",47,,1
490,"299d60edfae233c278dcb46d5fae87b23561913d",13,,"","PIPPOW",51,,1
491,"03bc3ff82c738d813cb85ab2f0ca4170f9beb936",9,,"","PLESSMANN",51,,1
492,"a838fe3091d1c845ade945b1afce22631afca72f",9,24,"F.C.","PONSOMBY",47,,1
493,"6387449e1098667b691a7292e298bcce2ff76a95",6,18,"William ","PONSOMBY",47,,1
494,"4eefb265aef73d9e15558f7325a59c6d4f0faaef",9,,"W.","POOLMAN",52,,1
495,"2d75b0f67411c77b77bc0f925c188e04c939f57b",9,20,"J.","PORTARLINGTON",47,,1
496,"9954f6ff64e3d3586ea23aa28229076e5ea74e7c",13,,"","POST",51,,1
497,"8d92af42356f7e966b5e09619ddd575822a8e22b",10,,"","POTT",50,,1
498,"94e4fcadcb687268896ce1e12c7d3c74ed0fdc99",10,,"","PROESTLER",50,,1
499,"50977626a96484c9adf91823ce9d0312ebbd0db0",5,26,"Arthur ","Paget, count of UXBRIDGE",47,,1
500,"9c25d6c1794ac2249d280775e40446cd39698b8c",7,,"","Pailhes",48,,1
501,"8b811b05b9e277d835174999f82bb2e9356465e9",5,,"C.P.","Pajol",48,,1
502,"92e0173dfdcf245afbe46d738562c092c280dc13",12,,"","Palepart",48,,1
503,"e08946e578ac1c856d98e5d108bbed22c0cd92c0",7,,"","Paolini",48,,1
504,"94788618587a91f94bd78b2a2a7d41282cd83421",12,,"","Paquet",48,,1
505,"dae0255906630513e1590d4b0534cae25c6d037a",12,,"","Parentin",48,,1
506,"36240d0a842f6ef43ea24e2e216646732e53502d",12,,"","Parisot",48,,1
507,"2bf62e84ec3aa44ebd5e172f5512287e6064417c",8,23,"","Pegot",48,,1
508,"1917bfe6586668e3c93c37a7063e762337652cff",7,,"","Pelecier",48,,1
509,"9381eeaf8b9832b0ee9e2a6c4d197cd433ff2d16",8,19,"","Pelet",48,,1
510,"1ec86203acdfb90ddcbb202c6e418bed4dc7b8b2",8,19,"","Pelletier",48,,1
511,"214c3a25412521a5cf04722ce284835ff67f2d67",8,19,"","Penne",48,,1
512,"dfcec5aabfa37af2bb1818dd1ba63d545eb64243",,,"","Percy",48,,1
513,"b34aae260890524d26fd10b234010d32693d1a63",7,19,"","Petiet-Babut",48,,1
514,"391a88eda2709f713d78e968333754822b137a8b",8,19,"","Petit",48,,1
515,"55be45d2b2a91a2e80e7ad34872b96bdcb210901",7,,"","Peyris",48,,1
516,"661cd425c32d0e224f9e67ebdc9d769b6af4419b",12,,"","Philippe",48,,1
517,"410dca3dd77bd14e1ad3f9b76415817b50cea2e4",8,19,"","Piat",48,,1
518,"bf47022de06b1fa088276bdde510ef12143a007e",7,,"","Picard",48,,1
519,"20202fe94588d6327d660baa64571da13901fab4",8,19,"","Picquet",48,,1
520,"767a812af8e8c55137530c05693868f84fb1e435",,,"P.","Pila",48,,1
521,"3e24a7e61cf8bcac6bc706467c62e04018c1183f",5,27,"","Piré",48,,1
522,"fa3578cb2e59d13f9d0abcb36807e04370319c22",7,,"","Planzeaux",48,,1
523,"734a31d4bb621652c2258168effdcec15d717838",8,,"","Poret de Morvan",48,,1
524,"a5271b29c4e769948575fde50c6290980981681a",,21,"","Prince d'Orange",47,,1
525,"7c1f6c41e4162ca228ed8c1c46bc56b65213464a",12,,"","Provence",48,,1
526,"8a672cacfc7451102424736c007de65445f551fe",5,19,"","Pécheux",48,,1
527,"90a1e935589001b7f115a5a34671182fa2ca7103",7,,"","Péraldi",48,,1
528,"7d502e7033c449846c9854fbc6f1af9b63bf3b0a",10,19,"","QUADT von HUCHTENBRUCK I",51,,1
529,"516146232eb06fa73e870add906a9a7714cc097f",10,,"","QUADT von HUCHTENBRUCK II",51,,1
530,"338e82e79199e13c90ffce58e5b4aeaa027fc570",9,,"Georges","QUENTIN",47,,1
531,"eb23702825a48e9da3c88f8203e443d7584e348c",8,19,"","Quiot",48,,1
532,"aeb58f01eb9868eae6ece20834188a5a037832c0",9,,"","RAMDOHR",49,,1
533,"7194ff7e4267e3681f3ae284d603b1debbc3644f",12,,"W.N.","RAMSAY",47,,1
534,"b50d5dddff15241cff157fddbc6eaaa280e9e387",7,,"H.W.","RANCKE",47,,1
535,"6ef2a6cf5a2fea1770d43ed53af0304dd3be02f7",10,,"F.","REB",47,,1
536,"fb68779ca800043f7c7cd4e47b0bede17d297776",10,,"","REDEN",49,,1
537,"ff6c9d16ea912691f4024108dcffd80be7e984d6",9,,"J.C.","RENNO",52,,1
538,"76ae276c5074ffe6aed836c34001c1cc60bc625f",12,,"","REUTER",51,,1
539,"e5db451968937611aed8a2ec4e3ac279f168ae9a",9,,"T.","REYNELL",47,,1
540,"3d82b2ab059daa2af16dde96bbaf04bb8b8fb999",10,,"","RHEDEN",49,,1
541,"747f345fee55b38e5be21e3afa1fca9fee03f8b9",9,,"R.S.","RICE",47,,1
542,"1cea096087610408a8dd9d14dcb39b90cf4f5d45",12,,"","RICHTER",51,,1
543,"f98eb052566ab644bac754843705b9d7548f07df",,,"G.J.","RIESZ",47,,1
544,"e50d1524d88269c356738cbef4014f6bcbd50299",10,,"Wm","ROBERTSON",47,,1
545,"09c8deb17a542001a4b720fd807b87e3a34c428a",10,,"T.","ROGERS",47,,1
546,"3e07facdd9af894a1fb71a0f78f77f56b1597945",9,18,"H.D.","ROSS",47,,1
547,"3af729c9db48c242daacc3ddf2832b281d47a7ee",10,,"J.","ROSS",47,,1
548,"80c4a7641a36906a7d619a5cb418d05c445b64b9",5,19,"","Radet",48,,1
549,"6fea821e42f1cf6c9af9cad931c83682453b84f2",12,,"","Raes",48,,1
550,"1041e7b02a4bf523f2300a8a63185e1cb9c3f62e",10,,"","Raindre",48,,1
551,"966066f1b93718eca2003a8ceab090fb178bf5e9",7,,"","Ramand",48,,1
552,"d4d2b4e4f765a37e45059f579e8728ee5c6ba110",7,,"","Rapatel",48,,1
553,"72cf52e535e0a20ef6122cab688373ffb2f9e95f",5,20,"H.C.","Reille",48,,1
554,"995f4775275a4b8d5334c4e855279105bf9dbe70",8,,"","Revest",48,,1
555,"8f03856ebdc9789950ee0ef77b16f93cdcabf405",7,,"","Ricard",48,,1
556,"a129ce979b08a415d2c6b97eb6f71449890202a1",7,,"","Richardot",48,,1
557,"16aa7e6813e3d99234f330a964f3a5bf25292862",7,19,"","Rignon",48,,1
558,"7ff90077cbc8a59442a152e397fb6f5afbc8e165",7,19,"","Rippert",48,,1
559,"fa95c4e5040c3966e4edf0fb1d78864d379bcc72",,,"","Rochefort",48,,1
560,"173eba3609290c17c89594cd2209a554d92c2043",5,19,"","Rogniat",48,,1
561,"821dd2205699d59db65587bd48cc849594a16d35",5,20,"","Roguet",48,,1
562,"eca6cf24878b4a031a8af7eea751f79aca5582fd",7,,"","Rogé",48,,1
563,"c068bdfdaab136b93b0c772af83b36897c084b46",8,,"","Rome",48,,1
564,"2431d2cb192e7e861223823b4a9004502eaa1f80",7,,"","Roul",48,,1
565,"e95039ecc072aafa170ac53caa13089a7ffde886",7,,"","Roussel",48,,1
566,"c994849e32653b3e412ce5b82d2ee9cfa6faf40b",5,19,"","Roussel d'Hurbal",48,,1
567,"69fdf6e2e5dcffa5fd33283e452e58c776239474",7,,"","Rousselot",48,,1
568,"bf1130792b41d6c3626676764a88fc3f0853907b",7,,"","Roussille",48,,1
569,"e8c001e8f4e775795d45ad683b384c046c0183fc",7,,"","Ruelle",48,,1
570,"d710201ef9af14089b8da84a883dae338bce8461",5,20,"","Ruty",48,,1
571,"045ab7da59e6e81492c75ce539052aaba1746b1e",12,,"Ch.","SANDHAM",47,,1
572,"fc91f2b92e8b7fb81f9b2a211f63d6ea5e1e9bf9",13,,"","SANNOW",51,,1
573,"94512a29fc0ebc58def060587c09cbb650addaf4",12,,"","SCHAALE",51,,1
574,"2cf7750bf3e142aedeee4f0552878636af2cb710",12,,"","SCHAEFFER",51,,1
575,"37b70f775f9ca5217855d3ad2ce8a77343b9c4cb",12,,"","SCHEFFER",52,,1
576,"312a5f9e20446e69cbceab6b5ca2e52aed90e535",13,,"","SCHEFFLER",51,,1
577,"9198d27d9fbae7195250d0221dbd303487d25f4c",9,,"W.","SCHENCK",47,,1
578,"b2b984aa76752665e3bfe0d30759b1f7d31f0021",10,,"P.","SCHLEYER",52,,1
579,"e3a51bf17c6068651d49c0f1eba379ac817dd902",13,,"","SCHMIDT",51,,1
580,"f2d109ed18539fd796ed9625e8fcf198528ea1a6",13,,"","SCHMIDT",51,,1
581,"f8e9b29b8e697d3ff569a71fb8bc871bbd84b390",13,,"","SCHULZ",51,,1
582,"274fd9f668faaa2b2c7ee45862dd2887cbfdac34",9,,"A.W.","SENN van Basel",52,,1
583,"d506862053eb23136160f8b4bcd98abf3366cd75",12,,"","SEVERYNS",52,,1
584,"765a8e5ba3718139afe6f0745bdbe7d8778c9e2b",12,,"","SIEMON",51,,1
585,"6339937bababd824cc511f6c52d19e29e76d538d",9,,"J.J.","SIMONS",52,,1
586,"f5f8009ce44ca52dfdae7ae3feba0bb3a5d30456",12,,"J.","SINCLAIR",47,,1
587,"14ef7f01194c2d1b273f285ed7c8a2842c97ed86",9,,"H.G.","SINGENDONCK",52,,1
588,"8642cd40a4050beca2ea90e834aa6b8ad842f024",9,,"J.W.","SLEIGH",47,,1
589,"f4519954f691a8c29f102d8a3a8bb1b44cb17eb1",6,26,"Edward","SOMERSET",47,,1
590,"085c7fe96afe444284588fd26c1ccc0052e52e1f",9,,"J.","SPEELMAN",52,,1
591,"3078c1d2e9b79be261d6ad5a47c7d0e29586daae",10,,"","SPORKEN",49,,1
592,"90ae3baaac0a54c1311262cade392de87b1c8a1f",5,,"J-A.","STEDMAN",52,,1
593,"633a29b3787a2f483bd07b7e94e050326af4e06c",13,,"","STEINHAUSER",51,,1
594,"17d8b6d89ab1c0f91d9b51be983165014ac98ad5",12,,"E.J.","STEVENART",52,,1
595,"d128b0395ae39197a5602baeace65effbcff29ec",10,24,"William ","STEWARD",47,,1
596,"801845e0f752508a6c135e49889db6eee203236b",12,,"","STOCK",47,,1
597,"c8d4942df1ba99a3cb15ed87299e4bd3e922ed4b",9,,"F.","STOEKER",47,,1
598,"f21d97dbf7f82bc59305e1ecb369b9260dba5aef",10,,"","STROMBECK",50,,1
599,"b953d892c353d33fe49242fc768d056e69a63f37",10,,"","STRUBE",49,,1
600,"998fb83fd666e959ca8d7a70d69dcc3dbaa754dd",12,,"A.A.","SYMPHER",47,,1
601,"c5a34461bccc95152f33d3134c397d8536561883",8,,"","Sabatier",48,,1
602,"496b4d71f87b197d5f3a88238b934a9e02c4fa5e",12,,"","Sain-cyr",48,,1
603,"128ec45fed33bc5f28354daa07005d9b8d5e3ccc",8,,"","Saint-Rémy",48,,1
604,"f03ef783e7a046e2ab84dac1a7b4314f0d890e57",7,19,"","Sausset",48,,1
605,"12e517ea2563e4b678b7ab93d019c89d0d4bf003",7,,"","Saviot",48,,1
606,"cde5b8f4add3052e43e2ce20dbbe432f4894d62c",7,21,"","Savoie-Carignan",48,,1
607,"26d74be4957b68dac695c6b71438b0ccbf44f509",10,,"","Schmitt & Jerlanowski",48,,1
608,"f66cd52a61d977c1449890c886878955dd7f210e",8,19,"","Schmitz",48,,1
609,"2678b2d3dae7518a4e21e607727d6681b568aee5",7,,"","Schneit",48,,1
610,"71dcfc5ad9c3fe89bc5cb4f435a45f044590870e",8,19,"","Schoffer",48,,1
611,"775eb19e6020c9e769af0d1a66db3f7fd9d15214",7,,"","Secretan",48,,1
612,"4de78494b403872b8b7b40032bf8199ae2dfb818",15,,"","Senac",48,,1
613,"1930647b6fb15d03d56a2b40b2635f09800dc342",5,19,"","Simmer",48,,1
614,"60ab9d9d20d3b993e8dcd724d4afa5ef0c1442da",7,,"","Simon-Lorière",48,,1
615,"f8abdd03ed462990dbb531f1c9dbd1b748a750ef",7,,"","Simonneau",48,,1
616,"0dcb8f3fbb2c12069bc87b5d030337f236e72d21",9,26,"Fitzroy","Somerset",47,,1
617,"0f79be8a23bafff9d452315c3a2386d90372d8d7",7,,"","Soubeyran",48,,1
618,"2c784809adaa404e3f96bb9177f74938304dea08",3,22,"Nicolas","Soult",48,,1
619,"f287e30b2f8d963d7ac09a52ea326565131997c0",5,19,"P.B.","Soult",48,,1
620,"35c1bb1c4694f1b50aa0ae20583ec2009922236c",7,19,"","Sourd",48,,1
621,"cd53c3eba7bcf6f70061456438cfff2dcb0dfc97",8,19,"","Soye",48,,1
622,"10c3582771e9632d4c4d988535da2d517e35869d",12,,"","Speltens",48,,1
623,"dda2f5025f1f6d9f5d77db5fe88e66e03a0f180f",12,,"","Stoffel",48,,1
624,"98d5b4323ea26b250e287d749ca6adf5768d9bd2",7,19,"","Stoffel",48,,1
625,"73707226be331584b1df578f6716dc403e247a8f",5,19,"","Strolz",48,,1
626,"56116c8fafebc9e2d426bf03d553b1e027c0f738",5,19,"","Subervie",48,,1
627,"80df4ab3ec3dd38dbdf78e593f02342dc88da234",7,,"","Séguier",48,,1
628,"61bb6fccef6860bb262cd8708a5bcadcd978957b",10,,"F.S.","TIDY",47,,1
629,"6dca69e40e5f7e26a44065f10dda21f17cb365c0",13,,"","TRELLER",51,,1
630,"16290ec67c60cb2c0d07d70681ea706427311c92",6,29,"A.D","TRIP van Zoutelande",52,,1
631,"f21d2a7459a9e1f34c4c6cd50de5ef89e6793b5c",9,,"P.A.","TWENT",52,,1
632,"81a6e38d67654d3fa14e27c71e23909fb230f316",12,,"","Tacon",48,,1
633,"cdd8b7c123fed332fa2ffdd7b64040fec02d56b7",12,,"","Taillade",48,,1
634,"fbb7be2cae065422df694a8e36b9a201f0a74f64",7,,"","Tancarville",48,,1
635,"45a5283e3d0eec21bfd64e3fa8350ec05f5f1bd3",5,19,"","Teste",48,,1
636,"300b0658b7eb5112dd258fcefa97759ed7d840b3",7,,"","Thibaut",48,,1
637,"d4a6d2586803a2f6ad5d2f664125b7ab88feb78f",10,,"","Thiebault",48,,1
638,"f30d6fa75f7a34eb24400471c92f774a95563e46",12,,"","Thomas",48,,1
639,"7b978aea532f8074da5f909c6c968bb34ffc7091",7,,"","Thurot",48,,1
640,"46c0d5587c7534c2ab81fa1faf88470e17e8ffcb",7,,"","Tissot",48,,1
641,"980d0dde61a95db3bf960c0571eb5305f2b5dbf7",12,,"","Tortel",48,,1
642,"61dfe55c65e8b59860a3ab28ed7e61dc3d9c956d",8,,"","Toussain",48,,1
643,"c879c59ee3646285ace3ccafad097cf32db42235",7,19,"","Trappier de Malcolm",48,,1
644,"5acece6cecd0197dd02044b2102a14fab99ccb80",8,19,"E.","Travers, baron de Jevers",48,,1
645,"4935b295a70d3b329e0fdba19dd77246f95d699a",7,,"","Trefcon",48,,1
646,"1be019bb4ddff32edb6ca4d3eef9a59ef774cb3f",7,,"","Trezel",48,,1
647,"bc7b959355285aff324b5879bdf9ed6b4f74d5e9",7,,"","Trippe",48,,1
648,"6a7b08914b836a6b9e75b1cbddd827ef138a6946",7,,"","Trupel",48,,1
649,"924409cdf8377db66d1362e406355a2e5f45b208",12,,"G.W.","UNETT",47,,1
650,"41a3b9548a73d6767e80fac177ef0d609a2e0b89",12,,"","VALENKAMPF",51,,1
651,"6beaf9b67bd5166b7d1e7d824f163d9d8870501a",6,18,"John","VANDELEUR",47,,1
652,"d4ecf76f4d634996a52f7b059cdd805b9bd49eca",9,,"F.C.","VANDESANDE",52,,1
653,"470fbc8e22a278eeb337ff66b997f6f88dee6192",12,,"","VDV Gérard",48,,1
654,"d204877f8046fd02266942a61a8c90ba444dc52c",6,18,"Hussey","VIVIAN",47,,1
655,"259032d7e7c55ddca5c0ee9a98b11c997dc9661a",12,,"","VOITUS",51,,1
656,"e928d19bcbdcbe956fb272e6e25527f383865a2b",12,,"","VOLLMAR",51,,1
657,"ffc750ba1db21c9b72d2cb4d3d0f6d3f1815f899",12,,"","Vaillant",48,,1
658,"f734a09602b385ed73233a8eac28a25ce4ca27eb",8,,"","Valazé",48,,1
659,"8df851cdcb49a5c653e950e8de715ae01f88fba6",12,,"","Valette",48,,1
660,"3e91209873db1fc77c303b8040337ac2e39b4f4a",8,,"","Vallin",48,,1
661,"3ed730b9d989eeee24db9a2173d4babb8aad5085",12,,"","Valnet",48,,1
662,"90ee39a7a5d1b270b4233735c5f08b29031dc6f4",5,,"","Vandamme",48,,1
663,"c14c035078b49d6f5e0bc4511b7eb9f040043158",7,19,"","Vautrin",48,,1
664,"7b7c458878b5d7ce9c4b23853502f86b83834b1a",7,19,"","Vernier",48,,1
665,"13a6b2bd5d447ec7273612393509e4f5a8a66904",8,19,"","Vial",48,,1
666,"53a4d3305772542a9ae496131d1bcc4ce96397ec",7,,"","Viala",48,,1
667,"c474c7f2f16e497b29cc968ad4c6cfee2ad2c20d",5,19,"L.J.","Vichery",48,,1
668,"f75f4c58afdb07b1642e5eadb08de229e09ac947",8,19,"","Vincent",48,,1
669,"79dd9f9d95e97511871e2b15fabb454446f20de3",8,19,"","Vinot",48,,1
670,"59865be5c456c612a520d7cdfaa63d6ee9ed9d2e",12,,"","Vollée",48,,1
671,"9252811c65b38b5d3442c90e85f2afbb2d0a436b",9,20,"J.","WALDEGRAVE",47,,1
672,"c53f3a57edd1257a2005c95274dc8647eb378605",9,,"J.","WEBBER-SMITH",47,,1
673,"41903c4ac8c80752264531d9e6d3ae1af0386e77",9,,"J.J.","WESTEMBERG",52,,1
674,"4fa7db18a8ce3dac43da0a8c61ba16b5686a1672",12,,"Edward","WHINYATES",47,,1
675,"af77ada7689babb41bd375d3c1e36ac4d53043ca",9,,"J.S.","WILLIAMSON",47,,1
676,"ad5f1fea8c28e653c565d8757e745f188986dc29",12,,"","WITTEN",51,,1
677,"27dc8e259822e539ad0df65291d201832c683822",10,,"A.G.","WOODFORD",47,,1
678,"c52feb82733660304e265036e66118c277d93512",13,,"","WORCKE",51,,1
679,"c28b0d20cf70e1e2bdc566af0eff4b5702ea493b",10,,"","WULFFEN",51,,1
680,"072778881ee09e2acfec35072af88c42441b4da2",12,,"P.","WYNANDS",52,,1
681,"a703677afc80dcb0f17cf0df76db89c35a5fec03",12,,"","Walter",48,,1
682,"dedde79eff91055a1c34d7111ee94dacab03713d",5,20,"","Wathier St-Alphonse",48,,1
683,"80de680f2a88db124b1490891e0a2b7eb27fe295",8,,"","Wathiez",48,,1
684,"dd0ca929228d2e98075fe6534409c003239b9465",2,26,"Arthur ","Wellesley, duke of WELLINGTON",47,,1
685,"d27853701c7003e17c4cdfc1cde2799204243743",12,,"","William",48,,1
686,"057e22c4bb3c18b71e9e99b36d276b1aca558f17",7,18,"A.","Wood",47,,1
687,"f2bc9affffb2bb1af70ff8b205eae952f3ec6b78",13,,"","ZEIST",52,,1
688,"36efd7d4db10a6f715c6062ee5af3ae54d889318",7,,"","Zenowicz",48,,1
689,"120a332d03083d1d3558ee94eb0a1c7c6ec129ad",10,,"","baron von ROMBERG",51,,1
690,"0cf3451440b83212622a69aa818233accad2ccc2",9,22,"E.","d'ARENBERG",52,,1
691,"e9a7e94cffb4b76504e625ab541b12aea5c75a2e",6,20,"A.K.","d'AUBREME",52,,1
692,"0c40a7977d90315a35f49ea1412e059ee1c66f53",6,,"F.","d'HAUW",52,,1
693,"f32bd15e655526c2fa64dd0997b32b4c4b630adb",7,,"","d'Hincourt",48,,1
694,"4ec38b26f90f1371cd3a61fca5dbc70fa0870ed2",7,,"J.B.","de BRUYN",52,,1
695,"6e4baf6033380acb5a53bbe194c0bf15a3edc568",8,,"","de Bellair",48,,1
696,"a3110890c4ec96a8917098c95ee181b6632bc902",5,19,"J.A.","de COLLAERT",52,,1
697,"4c6ad050d2e41d18da7782cee4bcecc8443ee8dd",8,20,"A.","de Colbert",48,,1
698,"af7bd5d0c4a56c28cd8092e9aca37e17428fdf77",6,19,"J.V.","de Constant-Rebecque",47,,1
699,"cf17d82a480f37bccd5b112fec1cbbb136330eb8",7,,"","de Cubières",48,,1
700,"8d1e10801aaa2812690e62cbef4dc71a322a2912",6,,"D.J.","de EERENS",52,,1
701,"07eaccc734077640996887badbe3c1bfd8d28fbd",7,,"","de Faudoas",48,,1
702,"7f1aa34760c29e8f58ec40acccdcc2b7ec40226a",7,20,"","de Forbin-Janson",48,,1
703,"ed3858479cfd7c3796d2e8e616c579d5e7956f83",6,19,"C.E.","de GHIGNY",52,,1
704,"cfa0de858875c345ad0495d3c62aceb31e1ae30a",7,,"","de Galbois",48,,1
705,"2537955377d4d79dc50d19a211135f62660b7bb4",3,20,"","de Grouchy",48,,1
706,"b9be48f5fa735ea2f7209712621f1b5fd79d7a19",7,,"A.F.","de Grouchy",48,,1
707,"460f253380eaa557761addc39b3b87e375b8d3f5",,,"","de Guerchy",48,,1
708,"b12ebda3de607def530ddcfc91fbeaaf61b66379",5,20,"","de Guilleminot",48,,1
709,"e3167c0e0f208e2890888a040235d52c6ac7260b",9,,"W.A.","de JONG",52,,1
710,"796971a18a6ba1d3d73823938a1006f134cbc5b4",9,,"C.F.","de JONQUIERES",47,,1
711,"d392da138c54df775c5762447d9901f1e750e97a",7,,"","de Lacroix",48,,1
712,"94b55668662a872f36a9937dbd9323e94c69bdd6",7,27,"A.","de Lawoestine",48,,1
713,"fb996484872a208acbb2ab6763730cb6b46c3b77",9,,"E.","de MAN",52,,1
714,"08919f27c0cc0591a3e87e0fe47f45228a724001",9,,"E.A.","de MERCX de Corbais",52,,1
715,"01211fc2abfc99594a395a284572d9e20fee27e3",12,,"","de Marcillac",48,,1
716,"b0c1348cb875cbff45509838cc3fd45170f05ede",8,19,"","de Richemont",48,,1
717,"7e220b18766e6bed4a972b1c1f53a78745ae072b",7,21,"Bernard","de Saxe-Weimar",52,,1
718,"640775dd74b166fde4fab0c0e9c5c8c24a020155",9,,"J.","de TREES",52,,1
719,"5a30b44d6f3f9a360f04608c25e9d93038432eda",,28,"","de Turenne",48,,1
720,"89432b6736a498a2779bf861b7d9e88b41635ec6",8,28,"L.","de Villers",48,,1
721,"805f7f76062e5ecb19d0b45abaae2df4beb9a7ce",10,,"J.A.","de la SARRAZ",52,,1
722,"7df7bcf6a9775baedd9bac6ccfb68366035e1a80",7,20,"P.E.","de lbert-Chabanais",48,,1
723,"63196ca52eef15724fdd15b30124432b7ecb957d",8,19,"","deSalle",48,,1
724,"f0e249aa59e053d56928b19f32eba36efea17a7a",5,21,"Frederick","des Pays-Bas",47,,1
725,"b37b5fdfbad633e7f90a23c3cf2104da3ff5e339",12,,"L.H.","du BOIS",52,,1
726,"f3bc5790db3090dd9508867f10011ca3caed5021",7,19,"","du Kermont",48,,1
727,"8bac0346945b6458cc395f6acaf276040852b01e",9,,"Ch.","du PLAT",47,,1
728,"d21eb561c63d2f72a6bb2e2cfcab92dfc88bb6bd",13,,"","van GAHLEN",52,,1
729,"adb996872c1c86dd7af1a9cdc09ae39df794e61d",9,,"R.","van HEECKEREN van Molencate",52,,1
730,"f5d0d2a6af123cb31d4eb652d995845f3d0139e3",12,19,"C.A. ","van HEINCKEN",52,,1
731,"73bed775b082682d1c64e0e9bb60984129490ed8",9,,"S.R.","van HULSTEIN",52,,1
732,"7e2ec9e1e62144906533b9dc2a1f6a8249257e8a",9,19,"F.","van LAWICK van PABST",52,,1
733,"07843f63020c011a4301d7cab2e8f9f749abb28b",6,19,"J.B.","van MERLEN",52,,1
734,"2717043c2c53d9f533d1d3fe822704e4915f067c",9,,"N.","van MOLZ-WIELING",52,,1
735,"5946183509d68425fca9915d912306592dd0ddaf",9,,"F.W.","van OMMEREN",52,,1
736,"f0880fa14c6e1f37732f7e9ec11dcf459d3e87f8",9,,"A.G.","van THIELEN",52,,1
737,"d50191da3be8e13741dd304da18a46ffc8e1c1e1",13,,"","van der HOEVEN",52,,1
738,"3125bf9fa4fcf4e7f19d5b98ee1dd730cb2f552f",6,29,"H.J.","van der Wyck",47,,1
739,"2f251bd4ddcae67a90a1e7427bd7521fe9de85c7",5,20,"","von ALTEN",49,,1
740,"45a9b632bb9abb6a8d13667b0cb2ddeaac387303",5,20,"Charles","von ALTEN",47,,1
741,"7b6610056a4be2f9feb8009c221772a2f8e03e1e",12,,"","von ALTENSTEIN",51,,1
742,"8a87bca7e3d45863058c1885e4544286d66a8369",12,,"","von ANDERS",51,,1
743,"08a906a7b9ad3ce7d8c4eca55d612dfd8e8a5323",7,18,"F.","von ARENTSCHILDT",47,,1
744,"f1a194b994c6e8d8a4343a5420f6a7317a78908c",10,,"","von ARNIM",51,,1
745,"496db8bfe2cee0a0fc68365c38090cf65da55b7f",10,,"","von BARDELEBEN",51,,1
746,"995cf9da6d4030005c51b627a99dda200be18f92",10,,"","von BECKENDORF",51,,1
747,"13ecf87165546c8e775a27c95c6b4e4c42037113",9,,"","von BENNIGSEN",49,,1
748,"93a799aae773f32070361b7c378f20649925c9f7",7,,"","von BISMARCK",51,,1
749,"02502dd7fc3509592e4f8f441cc51642f14d76aa",10,,"","von BLANCKENBURG",51,,1
750,"9269c90788d95402aa5dd4463effb53b8e500eca",9,,"","von BLANDOWSKY",51,,1
751,"691daf18f898f435cbe1d9ff1fb57b1ad8ab3dbc",6,,"","von BORCKE",51,,1
752,"1e97e5e60a8a211a960d33d427af6ddd8f402a93",9,,"","von BORCKE",51,,1
753,"fb6e893c2776338d2502b802c382da799ed27f6b",12,,"","von BOROWSKY",51,,1
754,"e1f3e1bcaa082726b1437c233eb90f7e3d5b4864",10,,"","von BORSTELL",51,,1
755,"915773ae5c6b1b83e7bd0a10ab14e61d31b83e75",6,,"","von BOSE",51,,1
756,"bbf4ab137c0398ba98199f748da7722a58710d26",9,,"","von BRANDENSTEIN",51,,1
757,"f7b4c0513136609740edea5fa51628a63e5058ed",10,,"","von BRAUNSCHWEIG",51,,1
758,"9fd07563f971d9d5ef6d7ac29ee40485060b6f35",6,,"","von BRAUSE",51,,1
759,"af5e74339c2e47cbec524583375888cbe931c37d",10,,"","von BUSCHE",51,,1
760,"bc35c5168eaffb6c37d118c57194d49e4d2bba8c",10,19,"","von BUSCHE-HUNEFELD",49,,1
761,"759763473c555ff233f12fb8b82358dbaf8feeed",9,,"A.A.","von BUSSCHE",49,,1
762,"2555dd59077802b0a5cd50e149fa67536092adbf",9,,"L.","von BUSSCHE",47,,1
763,"8e2ea0b7913e24479c9cef6fc568592051e974ea",9,,"","von BUTTLAR",50,,1
764,"b9c25eb368489bf4c612bdfa14d16b2d3271ce16",10,,"","von BÜLOW",49,,1
765,"5229dff3bbda94b40fa2516e0b0431b62b6e176f",9,,"J.","von BÜLOW",47,,1
766,"8f4627e2b29b764e410b6c57f8a7382e4bb9d1b6",10,,"","von CARDELL",51,,1
767,"1f0695fd9a2aa98478fea0b8776bcf3b19ca40db",10,,"","von COLOMB",51,,1
768,"cddd431374c8655360e9ed4534bbdb6624f2d87f",7,,"","von CREILSHEIM",51,,1
769,"561f42e95cd1b3758999776befb1a1bd309de202",10,,"","von DITFURTH",51,,1
770,"469ffe79123e3bd443756a01f7f0b5f5a1e37b65",6,,"William B.","von DOERNBERG",47,,1
771,"a7090912dfc8862cb6d30bd218334872ea2c47e6",7,20,"","von DOHNA",51,,1
772,"0fa44ff279fbbddbd8074220b153b2c5a1f1c4c6",9,,"F.W.","von DRESSEL",52,,1
773,"a1564157226a2b4ea1738ed871d8388d36227d9c",7,,"","von EICKE",51,,1
774,"3a41c76b5271a535ead64f180f011d77145dd087",10,,"","von ENGELHART",51,,1
775,"56a99633442e4c08bd97fe424644cccd9e33d16e",7,19,"H.S.","von ESTRORFF",49,,1
776,"d89cd73dfd2ee9878d97ad5cd4c99e475ffd5955",10,,"","von FALCKENHAUSEN",51,,1
777,"5836a8af19e989f0b336ad75a49eb8ee684e2471",10,20,"","von FINKENSTEIN",51,,1
778,"41ce4ea844685720f48aea7ae2ba14f348d1dc3b",10,,"","von FISCHER",51,,1
779,"a277b20df6367fb9c26dbe6e0ac7659cea10a6bf",10,,"","von FOLGERBERG",51,,1
780,"e405c71f1fe3d2999c9c6bf9d89e5062430ca94e",7,,"","von FUNCK",51,,1
781,"fdf35ea270b21f6b04544a17472576391ebe73c3",10,,"","von GREVENTZ",51,,1
782,"dc275e84e86a9f380a285d8357ee12efa9dbed50",10,,"","von GROEBEN",51,,1
783,"8bb60898884e8f6012697dd2dee8bb1e0f46d07e",9,,"J-C","von HACKE",49,,1
784,"7b72dac683f7051880398cb75080311e4ab49620",6,,"","von HAKE",51,,1
785,"e7e510b108fdb50a5cd89825ba9162476d2c6131",10,,"","von HELLWIG",51,,1
786,"a3e33665cd69c31baa2b0fe9cecd3b775d780455",13,,"","von HERTIG",51,,1
787,"6012cf471e519883e23c207dc256275e8f8bad8b",9,19,"","von HILLER von Gärtringen",51,,1
788,"794c63633aa42b45129ef0d20a1b2600150521c8",6,,"","von HILLER von Gärtringen",51,,1
789,"0ad1e325c070854d5d2903843c6e9609d380b39f",6,,"","von HOBE",51,,1
790,"6c0c66f883a4a7d2d613086bb2584b7c161f53bd",10,,"","von HOLLENBEN",51,,1
791,"7893590c1949830e4cad8612e267184c5c20a3d9",12,,"","von HULSEN",51,,1
792,"47c2a3d641e3d4b907e7a3254ecaf1c10616c0ac",10,,"","von HYMEN",51,,1
793,"69a28e59b7fac9650ab6d3c9eefa45519e59864e",6,,"","von JAGOW",51,,1
794,"b637c29955a231723a6621f40c8cb9f82a6b8137",9,,"","von KAMEKE",51,,1
795,"c7a950ef21f942ad0271076fc38bd875cf38e068",10,,"","von KAMEKE",51,,1
796,"559a59f809e4ab21b626bfd7807d685c2ef5940e",10,,"","von KAMEKE",51,,1
797,"794e59ef91f1d4c950890ad5f9cb9cb87aa1aa2b",9,,"","von KEMPHEN",51,,1
798,"7d16c914e772a57ce076b06f1dacd7ca6dd6bdb5",10,,"","von KETTELOOT",51,,1
799,"bcfd7245d186110d1dd264ecb1690bba84f0b338",9,,"","von KLENCKE",49,,1
800,"3095ca2f0720711230d57340090dfb79d25d992a",10,,"","von KLINKOWSTROEM",51,,1
801,"06f636e7728da317b739f72d771d96a38199cf45",6,,"","von KRAFFT",51,,1
802,"6e0afb9a68cde7403eb4e258e4ff14f94f4b0703",10,,"","von KRAHN",51,,1
803,"21780e239469ac236855db8f20a4514493b67af0",6,,"","von KRAUSENECK (§)",51,,1
804,"f75e29555c36cc2aa62b999060423754e9ff8cf9",6,,"A.H.E","von KRUSE",52,,1
805,"1c5b590f19fdea68986c7414948d267e4ba323a5",13,,"","von LANGENDORF",51,,1
806,"4f261a7364fa5e131b450cfa240a22d863c8aee2",10,,"","von LAURENS",51,,1
807,"9f1c6d43d8cf0f324d615941f068c38968dc8cba",12,,"","von LAUTIER",51,,1
808,"06f9c6f33e3d7abced25253ff827ab04f7e89e80",9,,"","von LEDEBUR",51,,1
809,"a51e216acf6d0e79811049fae9d303e8889ddeb6",9,,"","von LEHMANN",51,,1
810,"cd188727f4b45f50fd572c9c26162efb319913c1",13,,"","von LEIPZIGER",51,,1
811,"4d4a98634026ddf4136e84337029d2081258772b",7,,"","von LETTOW",51,,1
812,"8042bc3d836137d1f8ac59b38aa2ecd43ccc55a2",9,,"","von LINSINGEN",47,,1
813,"c8a25d65c63b411a75749199f4684fefedf29819",9,,"A.H.","von LINSINGEN",47,,1
814,"15768668c952d2a1002fee13b197014086df7dd4",7,,"","von LOEBELL",51,,1
815,"7f77af2e3d22041512b67a4bc2228bc0653cbe91",6,,"","von LOSSAU",51,,1
816,"06b3b809ac04264b744b18efb3e878a0355cb27d",6,,"","von LOSTHIN",51,,1
817,"4c4d155c79d72524fb1c1984ef65934a8666232c",,20,"","von LOTTUM",51,,1
818,"a22e427c871f17b34b7b21d787c63592dc609f71",9,,"","von LUTZOW",51,,1
819,"4e7f8ce4309f1f4090a34a3fa09b2bf8541b9355",,,"","von MARWITZ",51,,1
820,"eaeeff8ec261d19e932e1f20a126608260260f98",9,,"","von MASSOW",51,,1
821,"0359f2e5aeac0ab7920761a0a666d8578902eb4d",13,,"","von MENGDEN",51,,1
822,"71d3ba7aac55133dd49bf54d1e63cb18e78c9f57",13,,"","von MERKATZ",51,,1
823,"b731523b5b74246a8fc9134698d658277af8e5e2",10,,"","von MIRBACH",51,,1
824,"abee70a5719144dde5a7d7a9a56fe2f99327a62b",10,,"","von MOERNER",51,,1
825,"9a6c9f8dca8c789992d53834588083317ac325b9",12,,"","von MOLL",50,,1
826,"a34d8c9d9bff53b9afb4c76d621f3185f07e7137",10,,"","von MULLER",51,,1
827,"f5fd2a13614dbc23a4b7254bf305ac6c80ea27d0",9,,"","von NATZMER",51,,1
828,"aadfbb3b7813b911461753421834affdf17af956",10,,"","von NAUENDORF",52,,1
829,"961991d0d4a30d5b4797ed77b619fef38ff433eb",13,,"","von NEANDER",51,,1
830,"184dcd3b3b737b349124448cac8970ce734f64ff",10,,"P.","von NORMANN",52,,1
831,"15645ac1e047e624866ba06385b283f17030d595",12,,"","von NUMERS",51,,1
832,"f0f50f9b2bedf49e60835d93fb5bb084a62d2f6c",7,19,"Ch.","von OMPTEDA",47,,1
833,"5f677ac79bc7194f5cb879f490782c03b6853d8b",9,,"","von OTHEGRAVEN",51,,1
834,"13103404d7e1f8d24f4059fe64c91fc9f05a7c02",10,,"","von PETERSDORF",51,,1
835,"8704f3dc76cf1c7de9edec84620841580727ca4d",10,,"","von PEWELS",51,,1
836,"367dc5805a2d3130f704a5cba964996044c06295",5,,"","von PIRCH I",51,,1
837,"9f5c76ab2cc793f1a2005c353b6734dfa25d4d88",6,,"","von PIRCH II",51,,1
838,"5e6c9530db5fceee523cdfad705cc5ece2d1ff35",10,,"","von PREEN",52,,1
839,"9fee17e6c7e2617677371dbc4363d74ab7cfb60c",10,,"","von RANGO",51,,1
840,"51f6d8b97f6e9de13c9635326c408d8859fd6434",10,,"","von RAUSSCHENPLATT",50,,1
841,"241000bff57d56fddec106bf2320011b282d2125",10,,"","von RAVEN",51,,1
842,"1dc76cd2616e8867b4c8f8df04873035e41d7977",10,,"","von RECKOW",51,,1
843,"59a817e232841cd930adfe06e59f1413879b798e",9,,"","von RECKOW",51,,1
844,"eda65a3b0bd02a20ae3d74e81b32392d1d1b60b4",12,,"","von RETTBERG",49,,1
845,"148419fc209fe476a6900178c0e93f8a2be1a86b",7,,"","von REUSS",51,,1
846,"81b3bf12054fcedad211e6b18eae541fb049e4bb",10,,"","von ROEBEL",51,,1
847,"1263f06062099efc419b9d595a9c4680145dbf2d",10,,"","von ROEDER",51,,1
848,"6b2eaf9c8cba17f165ce4e98458e635ddfe69b9b",6,,"","von ROEDER",51,,1
849,"3c7d164e3a42ede59443b51674afeefdc2930e0b",7,,"","von ROHR",51,,1
850,"aa015a81e5cf7aad224d4ec8003b2b22861af0e7",13,,"","von ROSENBERG",51,,1
851,"646406f14b29738fbe081eadbdcdbdee71fda44e",7,,"","von RUCHEL-KLEIST",51,,1
852,"28591dee559ca6524199ce75635b592d993c435e",12,,"","von RUDORFF",51,,1
853,"d46c1bcaa4795c8fd92ae42b49dc624647b9d9fe",6,,"","von RYSSEL",51,,1
854,"5ae47afab222282dd5ad325b88d2d7ced4f8766f",6,,"","von RYSSEL",51,,1
855,"0e08d5eb5f86c9e2d8a52826d39f7881d011fa12",10,,"","von SACK",51,,1
856,"d361f602cfdf74cf6ce70ac12cefe9c43c1c3edd",10,,"","von SCHILL",51,,1
857,"4a8bdc29dcc2ed2639dcc67d5d0726e74c6bf04d",10,,"","von SCHKOPP",49,,1
858,"93c819dec5eee105eb253ed020af9c30e5c530ed",10,,"","von SCHMALENSEE",51,,1
859,"461b0b7a85e999af36919b9b19ea898ffb45f533",9,,"","von SCHMELING",51,,1
860,"9566e7a26ce64fa13b1e11f29065ed3fc037bbbc",10,,"","von SCHMID",49,,1
861,"ebd4ab1c20005f0fc46c687df3984f72cc4ae714",10,,"","von SCHMIDT",51,,1
862,"b0da137b94e96a871bc737db069399af2e4305e6",9,,"","von SCHMIEDEBERG",51,,1
863,"b87768fe3e19cc09b002a692c8bbfc072692972c",,,"J.C.","von SCHROEDER",47,,1
864,"43b0d69445b45efc183cf69399719b6a7d24396b",,20,"","von SCHULENBURG",51,,1
865,"c8b296151633290d340e9609065b886a4e86b38b",9,,"","von SCHULLENBURG",49,,1
866,"f44f071c5418d21c7496734bacd9a459a3925062",7,,"","von SCHUTTER",51,,1
867,"029239c051ea9afb8729083147f886895d67fb03",7,20,"","von SCHWERIN",51,,1
868,"24407b3d9ad6db1af36bda02642677ca029de3f4",9,,"","von SEIDLITZ",51,,1
869,"f02cd5c6841cbb0ceb19383b6d420e710c165e00",9,,"","von SOHR",51,,1
870,"196becc53173ceefcb446b9ba27d1346fa9cb636",9,,"","von SPECHT",50,,1
871,"d70464dd71ea10a51157f3ffd0137687497cf11e",6,,"","von STEINMETZ",51,,1
872,"4244ce180cd9172333729af345f4e6e4f903b074",7,,"","von STEUBEN",52,,1
873,"8e766b2bbdb2a406fd1617d5b1af66a727fc1220",7,,"","von STUTTERHEIM",51,,1
874,"976e5c7f95f368808ccf1c4dd1764ab7ffd9c7f4",10,,"","von SYDOW",51,,1
875,"74ac7f85f784716e3cef47e2c3e047b55b1675a4",6,,"","von SYDOW",51,,1
876,"5fe3b26d2f693e50e380366cc70cda454a99a205",5,19,"","von THIELEMANN",51,,1
877,"2bc053a9a6fba935ee1f9550a67fccf08337ad28",7,,"","von THUMEN",51,,1
878,"d9760400f100c539b13ebd6d50eb556c7349cc82",6,,"","von TIPPELSKIRCH",51,,1
879,"ba94b713b410dd744b01e3c751a4a297a9944429",10,,"","von TIPPELSKIRCH",51,,1
880,"3aa8a0a59c3c42c42faed5b3ccacc712c2735d4c",6,,"","von TRECKOW II",51,,1
881,"7ad77dbff0db394850ee524c3c8d88e884db9ee1",10,,"","von UCKERMANN",51,,1
882,"c5603d7874cd9a715efc84a469150da099c6b8cb",13,,"","von UTHMANN",51,,1
883,"39713719bdd2ae271e23dd5b320d0e6681252014",7,,"","von VINCKE",49,,1
884,"60c448bb1bcade76ce9538160406477bef147e1d",6,,"","von WAHLEN-JURGASS",51,,1
885,"326e62061fd8d0ac8099bd19c92ae2eba4c74c7a",12,,"","von WANGENHEIM",51,,1
886,"2a6578d8622a1c0f2846d3668c1081bdfeabd2d1",9,,"","von WATZDORF",51,,1
887,"21e293ada6dfc01e2d74b1b4a46ec60686467c7b",9,,"","von WATZDORFF",51,,1
888,"9aa9d917c68a056b3c12b09e9d5de76d68f00cf4",12,,"","von WEISS",51,,1
889,"e73422d9f20f13137242508932f9174a50de52ab",10,,"","von WELLING",51,,1
890,"c9424555c7848c6ffa16c57dd31c3e5c3d28e1f8",10,20,"","von WESTPHALEN",49,,1
891,"82cbc776f74cfcc6165f5bc59951fca6c4bc134b",10,,"","von WEYHERS",52,,1
892,"4495b4e5f2c09f0d2287d6c53c70d89a1001a258",9,,"","von WIENSKOWSKY",51,,1
893,"0baa48c1c453bc4bf7b268dc1b0a36ec1c05972e",10,,"","von WINTERFELDT",51,,1
894,"37b6efbee93489d4459ea027c6f611f7b4ebc3db",9,,"","von WISSEL",49,,1
895,"ab8f4db5587346060391c80d30bfd9a3a6ed549d",9,,"A.A.","von WISSEL",47,,1
896,"b67aff625fa7d0173ca708ba1f0340d99e1c9eb0",9,,"F.","von WISSEL",47,,1
897,"c31b7ab3980f0b76fabc1877683271b44bfaa63a",9,,"","von WOISKI",51,,1
898,"e83a5cf2bd91c331474bc486bda390d25d887ad9",9,,"","von WURMB",49,,1
899,"db56c63e9b6089017a1cb0355062cdcabcd9443b",12,,"","von ZABOROWSKY",51,,1
900,"91b7e091cddd79c2dad2284ef9f4dfcc41b59efa",12,,"","von ZIETEN",51,,1
901,"d4038f18efb39d50dffe4bd4cba5c671a93541d8",5,,"","von ZIETEN II",51,,1
902,"46c6f5c770695041576dfb41ed6f3ee44b22bc31",12,,"","von ZINCKEN",51,,1
903,"fe7a65442bef0445f31859f1cef8f9bbf0e78559",7,,"","von ZSCHUSCHEN",51,,1
904,"ccdd48b5a2b1f2038d4edb9b6b27ab3703549a83",5,20,"F.","von der DECKEN",49,,1
